Date,Display_Month,Merchant,Description,Amount_ILS,Type,Category,IsInsurance,Source
6.1.2026,ינו׳.26,‫השתלמות אס אנד,,41511.9,הכנסה,הכנסה אחרת,FALSE,Bank Yahav
18.9.2025,אוק׳.25,השתלמות אס אנד,,32000,הכנסה,הכנסה אחרת,FALSE,Bank Yahav
25.3.2026,אפר׳.26,‫השתלמות אס אנד,,20000,הכנסה,הכנסה אחרת,FALSE,Bank Yahav
7.5.2026,מאי.26,‫השתלמות אס אנד,,19726.68,הכנסה,הכנסה אחרת,FALSE,Bank Yahav
27.11.2025,דצמ׳.25,‫השתלמות אס אנד,,18670.57,הכנסה,הכנסה אחרת,FALSE,Bank Yahav
24.4.2025,מאי.25,"לאומי/מדואם """"אקספר""",,16000,הכנסה,הכנסה אחרת,FALSE,Bank Yahav
19.3.2025,אפר׳.25,"לאומי/מדואם """"אקספר""",,15000,הכנסה,הכנסה אחרת,FALSE,Bank Yahav
27.5.2025,יוני.25,"לאומי/מדואם """"אקספר""",,13200,הכנסה,הכנסה אחרת,FALSE,Bank Yahav
16.2.2025,מרץ.25,"לאומי/מדואם """"אקספר""",,10000,הכנסה,הכנסה אחרת,FALSE,Bank Yahav
10.9.2025,אוק׳.25,"לאומי/אירינה גוחבט/לקרוב משפחה""",,10000,הכנסה,הכנסה אחרת,FALSE,Bank Yahav
10.8.2025,ספט׳.25,מנורה מבטחים פנ,,9870,הכנסה,הכנסה אחרת,FALSE,Bank Yahav
3.7.2025,יולי.25,"לאומי/מדואם """"אקספר""",,9700,הכנסה,הכנסה אחרת,FALSE,Bank Yahav
27.5.2025,יוני.25,"לאומי/מדואם """"אקספר""",,9600,הכנסה,הכנסה אחרת,FALSE,Bank Yahav
11.8.2025,ספט׳.25,"לאומי/מדואם """"אקספר""",,8000,הכנסה,הכנסה אחרת,FALSE,Bank Yahav
2.9.2025,ספט׳.25,"לאומי/מדואם """"אקספר""",,8000,הכנסה,הכנסה אחרת,FALSE,Bank Yahav
2.10.2025,אוק׳.25,"לאומי/מדואם """"אקספר""",,8000,הכנסה,הכנסה אחרת,FALSE,Bank Yahav
10.9.2025,אוק׳.25,מס-הכנסה החזרים,,7419,הכנסה,הכנסה אחרת,FALSE,Bank Yahav
27.11.2025,דצמ׳.25,‫השתלמות אס אנד,,7343.97,הכנסה,הכנסה אחרת,FALSE,Bank Yahav
11.8.2025,ספט׳.25,"לאומי/מדואם """"אקספר""",,7000,הכנסה,הכנסה אחרת,FALSE,Bank Yahav
16.11.2025,דצמ׳.25,‫לאומי/‫חן ליידרמן/‫תשלום,,5000,הכנסה,הכנסה אחרת,FALSE,Bank Yahav
14.11.2025,דצמ׳.25,‫הפועלים/‫מנדלצויג א/‫דמי מזונות,,3407.34,הכנסה,מזונות,FALSE,Bank Yahav
15.10.2025,נוב׳.25,‫הפועלים/‫מנדלצויג א/‫דמי מזונות,,3390.98,הכנסה,מזונות,FALSE,Bank Yahav
15.12.2025,ינו׳.26,‫הפועלים/‫מנדלצויג א/‫דמי מזונות,,3390.98,הכנסה,מזונות,FALSE,Bank Yahav
15.1.2026,פבר׳.26,‫הפועלים/‫מנדלצויג א/‫דמי מזונות,,3390.98,הכנסה,מזונות,FALSE,Bank Yahav
15.2.2026,מרץ.26,‫הפועלים/‫מנדלצויג א/‫דמי מזונות,,3381.16,הכנסה,מזונות,FALSE,Bank Yahav
24.3.2026,אפר׳.26,‫הפועלים/‫מנדלצויג איל/‫מזונות,,3381,הכנסה,מזונות,FALSE,Bank Yahav
15.4.2026,מאי.26,‫הפועלים/‫מנדלצויג א/‫מזונות,,3381,הכנסה,מזונות,FALSE,Bank Yahav
15.1.2025,פבר׳.25,‫הפועלים/‫מנדלצויג א/‫דמי מזונות,,3380,הכנסה,מזונות,FALSE,Bank Yahav
15.2.2025,מרץ.25,‫הפועלים/‫מנדלצויג א/‫דמי מזונות,,3380,הכנסה,מזונות,FALSE,Bank Yahav
15.3.2025,אפר׳.25,‫הפועלים/‫מנדלצויג א/‫דמי מזונות,,3380,הכנסה,מזונות,FALSE,Bank Yahav
15.4.2025,מאי.25,‫הפועלים/‫מנדלצויג א/‫דמי מזונות,,3380,הכנסה,מזונות,FALSE,Bank Yahav
15.5.2025,יוני.25,‫הפועלים/‫מנדלצויג א/‫דמי מזונות,,3380,הכנסה,מזונות,FALSE,Bank Yahav
15.6.2025,יולי.25,‫הפועלים/‫מנדלצויג א/‫דמי מזונות,,3380,הכנסה,מזונות,FALSE,Bank Yahav
15.7.2025,אוג׳.25,‫הפועלים/‫מנדלצויג א/‫דמי מזונות,,3380,הכנסה,מזונות,FALSE,Bank Yahav
15.8.2025,ספט׳.25,‫הפועלים/‫מנדלצויג א/‫דמי מזונות,,3380,הכנסה,מזונות,FALSE,Bank Yahav
15.9.2025,אוק׳.25,‫הפועלים/‫מנדלצויג א/‫דמי מזונות,,3380,הכנסה,מזונות,FALSE,Bank Yahav
10.1.2025,פבר׳.25,אייל,,1876,זיכוי,"שירותי בריאות, יעוץ וטיפול",FALSE,BIT
1.1.2026,ינו׳.26,ישיר - בטוח חובה,,1397,זיכוי,ביטוח רכב,TRUE,MAX 4398
11.8.2025,ספט׳.25,בטוח לאומי חד פ,,1176,הכנסה,קצבת ילדים,FALSE,Bank Yahav
4.3.2025,מרץ.25,פסיכולוג,,1150,זיכוי,"שירותי בריאות, יעוץ וטיפול",FALSE,BIT
10.9.2025,אוק׳.25,AD CREA* AD CREA ENTER PARIS         FRA,,1116.57,זיכוי,בינה מלאכותית,FALSE,MAX 4398
2.2.2025,פבר׳.25,פסיכולוג,,920,זיכוי,"שירותי בריאות, יעוץ וטיפול",FALSE,BIT
10.10.2025,נוב׳.25,עמית ❤️👨🏻,,874,זיכוי,"בגדים, נעליים ואביזרים",FALSE,BIT
27.4.2026,מאי.26,‫דיסקונט/‫מנדלצויג עמי/‫העברה,,825,זיכוי,"בגדים, נעליים ואביזרים",FALSE,Bank Yahav
26.9.2025,אוק׳.25,מהבטמו אסאי,,800,הכנסה,הכנסה - עסק,FALSE,Paybox
9.2.2026,פבר׳.26,‫דיסקונט/‫מנדלצויג עמי/‫העברה,,741,זיכוי,לא מסווג,FALSE,Bank Yahav
1.9.2025,ספט׳.25,מהבטמו אסאי,,720,הכנסה,הכנסה - עסק,FALSE,Paybox
8.1.2026,ינו׳.26,ישיר-ביטוח,,704.75,זיכוי,ביטוח רכב,TRUE,MAX 4398
22.2.2025,מרץ.25,החזר ביטוח,,662,הוצאה,ביטוח רכב,TRUE,BIT
13.4.2026,מאי.26,אייל,,575,זיכוי,ביטוח רכב,TRUE,BIT
14.5.2025,יוני.25,Гена,,500,הכנסה,הכנסה אחרת,FALSE,BIT
17.8.2025,ספט׳.25,אמא,,500,זיכוי,מתנות,FALSE,BIT
6.1.2026,ינו׳.26,‫השתלמות אס אנד,,464.12,הכנסה,הכנסה אחרת,FALSE,Bank Yahav
23.7.2025,אוג׳.25,עמית ❤️👨🏻,,380,זיכוי,לא מסווג,FALSE,BIT
19.8.2025,ספט׳.25,מהבטמו אסאי,,380,הכנסה,הכנסה - עסק,FALSE,Paybox
22.10.2025,נוב׳.25,מהבטמו אסאי,,380,הכנסה,הכנסה - עסק,FALSE,Paybox
2.1.2025,ינו׳.25,פיזיותרפיה,,350,זיכוי,"שירותי בריאות, יעוץ וטיפול",FALSE,BIT
17.10.2025,נוב׳.25,"אוצר-חיל/אלשלם מקלר ש/(תשלום על הכנה""",,350,הכנסה,הכנסות עסק,FALSE,Bank Yahav
16.1.2026,פבר׳.26,‫דיסקונט/‫מנדלצויג עמי/‫העברה,,350,זיכוי,לא מסווג,FALSE,Bank Yahav
3.4.2026,אפר׳.26,‫דיסקונט/‫מנדלצויג עמי/‫העברה,,350,זיכוי,לא מסווג,FALSE,Bank Yahav
30.11.2025,דצמ׳.25,‫דיסקונט/‫מנדלצויג עמי/‫העברה,,330,זיכוי,"בגדים, נעליים ואביזרים",FALSE,Bank Yahav
19.3.2025,אפר׳.25,ישיבת עטרת שלמה,,320,הכנסה,הכנסות עסק,FALSE,Bank Yahav
4.4.2025,אפר׳.25,עידן,,320,זיכוי,"בגדים, נעליים ואביזרים",FALSE,BIT
1.5.2026,מאי.26,מיכאל אלמסי,,280,הוצאה,אחזקת בית ותיקונים,FALSE,BIT
28.5.2025,יוני.25,עמית,,252,זיכוי,"בגדים, נעליים ואביזרים",FALSE,BIT
9.11.2025,נוב׳.25,עמית ❤️👨🏻,,220,זיכוי,לא מסווג,FALSE,BIT
5.9.2025,ספט׳.25,מצנח,,200,זיכוי,פנאי - שונות,FALSE,BIT
26.4.2026,מאי.26,קניתי בגדים מהכסף שלך,,200,זיכוי,"בגדים, נעליים ואביזרים",FALSE,BIT
18.12.2025,ינו׳.26,‫דיסקונט/‫מנדלצויג עמי/‫העברה,,170,זיכוי,כושר,FALSE,Bank Yahav
30.3.2025,אפר׳.25,SURF-ANYWHERE.COM*MCB  ZEEWOLDE      NLD,,155.53,זיכוי,לא מסווג,FALSE,MAX 4398
8.4.2026,אפר׳.26,בטעות עמית חייב אותך,,155,זיכוי,אוכלים בחוץ - עמית,FALSE,BIT
30.3.2025,אפר׳.25,SURF-ANYWHERE.COM*MCB  ZEEWOLDE      NLD,,151.49,זיכוי,לא מסווג,FALSE,MAX 4398
10.10.2025,נוב׳.25,עמית ❤️👨🏻,,150,זיכוי,לא מסווג,FALSE,BIT
13.8.2025,ספט׳.25,עמית ❤️👨🏻,,140,זיכוי,לא מסווג,FALSE,BIT
7.2.2026,פבר׳.26,ביטוח עמית,,140,זיכוי,ביטוח רכב,TRUE,BIT
5.8.2025,אוג׳.25,סבתא מתנה,,135,זיכוי,מתנות ואירועים,FALSE,BIT
20.1.2026,פבר׳.26,‫קצבת ילדים,,115,הכנסה,קצבת ילדים,FALSE,Bank Yahav
20.2.2026,מרץ.26,‫קצבת ילדים,,115,הכנסה,קצבת ילדים,FALSE,Bank Yahav
17.3.2026,אפר׳.26,‫קצבת ילדים,,115,הכנסה,קצבת ילדים,FALSE,Bank Yahav
20.4.2026,מאי.26,‫קצבת ילדים,,115,הכנסה,קצבת ילדים,FALSE,Bank Yahav
20.1.2025,פבר׳.25,קצבת ילדים,,112,הכנסה,קצבת ילדים,FALSE,Bank Yahav
20.2.2025,מרץ.25,קצבת ילדים,,112,הכנסה,קצבת ילדים,FALSE,Bank Yahav
20.3.2025,אפר׳.25,קצבת ילדים,,112,הכנסה,קצבת ילדים,FALSE,Bank Yahav
20.4.2025,מאי.25,קצבת ילדים,,112,הכנסה,קצבת ילדים,FALSE,Bank Yahav
20.5.2025,יוני.25,קצבת ילדים,,112,הכנסה,קצבת ילדים,FALSE,Bank Yahav
20.6.2025,יולי.25,‫קצבת ילדים,,112,הכנסה,קצבת ילדים,FALSE,Bank Yahav
20.7.2025,אוג׳.25,קצבת ילדים,,112,הכנסה,קצבת ילדים,FALSE,Bank Yahav
20.8.2025,ספט׳.25,‫קצבת ילדים,,112,הכנסה,קצבת ילדים,FALSE,Bank Yahav
20.9.2025,אוק׳.25,‫קצבת ילדים,,112,הכנסה,קצבת ילדים,FALSE,Bank Yahav
20.10.2025,נוב׳.25,קצבת ילדים,,112,הכנסה,קצבת ילדים,FALSE,Bank Yahav
20.11.2025,דצמ׳.25,קצבת ילדים,,112,הכנסה,קצבת ילדים,FALSE,Bank Yahav
21.12.2025,ינו׳.26,‫קצבת ילדים,,112,הכנסה,קצבת ילדים,FALSE,Bank Yahav
31.5.2025,יוני.25,סופר והייטקזון,,110,זיכוי,"מזון, סופר ומכולת",FALSE,BIT
10.1.2025,פבר׳.25,עידן ❤️🧔🏻‍♂️,,108,זיכוי,"מזון, סופר ומכולת",FALSE,BIT
10.4.2026,מאי.26,יהונתן ולץ,,100,זיכוי,"מספרה, טיפוח ויופי",FALSE,BIT
30.1.2025,פבר׳.25,עמית,,94,זיכוי,"מזון, סופר ומכולת",FALSE,BIT
10.1.2025,פבר׳.25,עמית ❤️👨🏻,,89,זיכוי,"מזון, סופר ומכולת",FALSE,BIT
5.9.2025,ספט׳.25,מצנח,,80,זיכוי,פנאי - שונות,FALSE,BIT
7.9.2025,ספט׳.25,עידן,,71,זיכוי,"מזון, סופר ומכולת",FALSE,BIT
12.12.2025,ינו׳.26,עמית ❤️👨🏻,,65,זיכוי,לא מסווג,FALSE,BIT
30.7.2025,אוג׳.25,"ספייס מועדוני כושר בע""מ -",,59,זיכוי,כושר,FALSE,MAX 4398
10.1.2026,פבר׳.26,עמית ❤️👨🏻,,52,זיכוי,לא מסווג,FALSE,BIT
9.11.2025,נוב׳.25,עמית ❤️👨🏻,,50,זיכוי,לא מסווג,FALSE,BIT
24.12.2025,ינו׳.26,עמית ❤️👨🏻,,50,זיכוי,לא מסווג,FALSE,BIT
19.1.2026,פבר׳.26,UPAPP,,50,זיכוי,כושר,FALSE,MAX 4398
17.10.2025,נוב׳.25,מ. תחבורה - פנגו מוביט,,48,הוצאה,תחבורה ציבורית,FALSE,MAX 4398
21.4.2026,מאי.26,מאפה מבורך ...,,33,זיכוי,אוכלים בחוץ - עמית,FALSE,BIT
18.11.2025,דצמ׳.25,UPAPP,,25,זיכוי,כושר,FALSE,MAX 4398
8.1.2026,ינו׳.26,UPAPP,,25,זיכוי,כושר,FALSE,MAX 4398
14.4.2026,מאי.26,UPAPP (ביטול),,25,זיכוי,כושר,FALSE,MAX 4398
30.4.2025,מאי.25,קואופ מודיעין קייזר,,13.8,זיכוי,"מזון, סופר ומכולת",FALSE,CAL 8973
12.6.2025,יולי.25,בליקר בייקרי מודיעין,,12,זיכוי,אוכלים בחוץ - עמית,FALSE,MAX 7495
7.9.2025,ספט׳.25,עידן,,9,זיכוי,"מזון, סופר ומכולת",FALSE,BIT
28.11.2025,דצמ׳.25,GOOGLE*GOOGLE ONE,,5.1,זיכוי,"תקשורת, טלויזיה ואינטרנט",FALSE,CAL 4015
10.11.2025,דצמ׳.25,עיגול לתחום אנשים עם מוגבלויות,,0.62,הוצאה,תרומות,FALSE,MAX 7495
10.11.2025,דצמ׳.25,תחום אזרחים ותיקים וקהילות נזקקות,,0.62,הוצאה,תרומות,FALSE,MAX 7495
10.4.2025,מאי.25,עיגול לתחום אנשים עם מוגבלויות,,0.87,הוצאה,תרומות,FALSE,MAX 7495
10.4.2025,מאי.25,תחום אזרחים ותיקים וקהילות נזקקות,,0.88,הוצאה,תרומות,FALSE,MAX 7495
10.8.2025,ספט׳.25,עיגול לתחום אנשים עם מוגבלויות,,0.89,הוצאה,תרומות,FALSE,MAX 7495
10.8.2025,ספט׳.25,תחום אזרחים ותיקים וקהילות נזקקות,,0.9,הוצאה,תרומות,FALSE,MAX 7495
10.3.2025,אפר׳.25,עיגול לתחום אנשים עם מוגבלויות,,0.97,הוצאה,תרומות,FALSE,MAX 7495
10.3.2025,אפר׳.25,תחום אזרחים ותיקים וקהילות נזקקות,,0.98,הוצאה,תרומות,FALSE,MAX 7495
18.3.2025,אפר׳.25,בריין בינה בעמ,,1,הוצאה,בינה מלאכותית,FALSE,MAX 4398
13.1.2026,פבר׳.26,"מגזין אפוק בע""מ",,1,הוצאה,מוזיקה וספרים,FALSE,MAX 4398
10.7.2025,אוג׳.25,עיגול לתחום אנשים עם מוגבלויות,,1.07,הוצאה,תרומות,FALSE,MAX 7495
10.7.2025,אוג׳.25,תחום אזרחים ותיקים וקהילות נזקקות,,1.07,הוצאה,תרומות,FALSE,MAX 7495
11.1.2026,פבר׳.26,עיגול לתחום אנשים עם מוגבלויות,,1.23,הוצאה,תרומות,FALSE,MAX 7495
11.1.2026,פבר׳.26,תחום אזרחים ותיקים וקהילות נזקקות,,1.23,הוצאה,תרומות,FALSE,MAX 7495
11.5.2025,יוני.25,עיגול לתחום אנשים עם מוגבלויות,,1.42,הוצאה,תרומות,FALSE,MAX 7495
11.5.2025,יוני.25,תחום אזרחים ותיקים וקהילות נזקקות,,1.43,הוצאה,תרומות,FALSE,MAX 7495
10.9.2025,אוק׳.25,עיגול לתחום אנשים עם מוגבלויות,,1.48,הוצאה,תרומות,FALSE,MAX 7495
10.9.2025,אוק׳.25,תחום אזרחים ותיקים וקהילות נזקקות,,1.48,הוצאה,תרומות,FALSE,MAX 7495
30.3.2025,אפר׳.25,SURF-ANYWHERE.COM*MCB  ZEEWOLDE      NLD,,1.51,הוצאה,לא מסווג,FALSE,MAX 4398
10.3.2026,אפר׳.26,עיגול לתחום אנשים עם מוגבלויות,,1.54,הוצאה,תרומות,FALSE,MAX 7495
10.3.2026,אפר׳.26,תחום אזרחים ותיקים וקהילות נזקקות,,1.54,הוצאה,תרומות,FALSE,MAX 7495
10.6.2025,יולי.25,עיגול לתחום אנשים עם מוגבלויות,,1.63,הוצאה,תרומות,FALSE,MAX 7495
10.6.2025,יולי.25,תחום אזרחים ותיקים וקהילות נזקקות,,1.64,הוצאה,תרומות,FALSE,MAX 7495
10.10.2025,נוב׳.25,עיגול לתחום אנשים עם מוגבלויות,,1.92,הוצאה,תרומות,FALSE,MAX 7495
10.10.2025,נוב׳.25,תחום אזרחים ותיקים וקהילות נזקקות,,1.92,הוצאה,תרומות,FALSE,MAX 7495
10.4.2026,מאי.26,עיגול לתחום אנשים עם מוגבלויות,,2.46,הוצאה,תרומות,FALSE,MAX 7495
10.4.2026,מאי.26,תחום אזרחים ותיקים וקהילות נזקקות,,2.47,הוצאה,תרומות,FALSE,MAX 7495
12.9.2025,אוק׳.25,חניון קניון מודיעין,,2.5,הוצאה,חניה,FALSE,MAX 4398
19.9.2025,אוק׳.25,חניון קניון מודיעין,,2.5,הוצאה,חניה,FALSE,MAX 4398
9.10.2025,אוק׳.25,חניון קניון מודיעין,,2.5,הוצאה,חניה,FALSE,MAX 4398
18.10.2025,נוב׳.25,חניון קניון מודיעין,,2.5,הוצאה,חניה,FALSE,MAX 4398
24.10.2025,נוב׳.25,חניון קניון מודיעין,,2.5,הוצאה,חניה,FALSE,MAX 4398
26.11.2025,דצמ׳.25,חניון קניון מודיעין,,2.5,הוצאה,חניה,FALSE,MAX 4398
10.12.2025,ינו׳.26,עיגול לתחום אנשים עם מוגבלויות,,2.5,הוצאה,תרומות,FALSE,MAX 7495
10.12.2025,ינו׳.26,תחום אזרחים ותיקים וקהילות נזקקות,,2.5,הוצאה,תרומות,FALSE,MAX 7495
10.2.2026,מרץ.26,עיגול לתחום אנשים עם מוגבלויות,,2.78,הוצאה,תרומות,FALSE,MAX 7495
10.2.2026,מרץ.26,תחום אזרחים ותיקים וקהילות נזקקות,,2.79,הוצאה,תרומות,FALSE,MAX 7495
7.12.2025,דצמ׳.25,חניון קניון מודיעין,,3,הוצאה,חניה,FALSE,MAX 4398
11.12.2025,ינו׳.26,חניון קניון מודיעין,,3,הוצאה,חניה,FALSE,MAX 4398
21.12.2025,ינו׳.26,חניון קניון מודיעין,,3,הוצאה,חניה,FALSE,MAX 4398
21.12.2025,ינו׳.26,חניון קניון מודיעין,,3,הוצאה,חניה,FALSE,MAX 4398
25.12.2025,ינו׳.26,חניון קניון מודיעין,,3,הוצאה,חניה,FALSE,MAX 4398
8.1.2026,ינו׳.26,חניון קניון מודיעין,,3,הוצאה,חניה,FALSE,MAX 4398
24.1.2026,פבר׳.26,חניון קניון מודיעין,,3,הוצאה,חניה,FALSE,MAX 4398
25.1.2026,פבר׳.26,חניון קניון מודיעין,,3,הוצאה,חניה,FALSE,MAX 4398
30.1.2026,פבר׳.26,חניון קניון מודיעין,,3,הוצאה,חניה,FALSE,MAX 4398
5.2.2026,פבר׳.26,חניון קניון מודיעין,,3,הוצאה,חניה,FALSE,MAX 4398
11.2.2026,מרץ.26,חניון קניון מודיעין,,3,הוצאה,חניה,FALSE,MAX 4398
15.2.2026,מרץ.26,חניון קניון מודיעין,,3,הוצאה,חניה,FALSE,MAX 4398
19.2.2026,מרץ.26,חניון קניון מודיעין,,3,הוצאה,חניה,FALSE,MAX 4398
20.2.2026,מרץ.26,חניון קניון מודיעין,,3,הוצאה,חניה,FALSE,MAX 4398
26.2.2026,מרץ.26,חניון קניון מודיעין,,3,הוצאה,חניה,FALSE,MAX 4398
26.2.2026,מרץ.26,חניון קניון מודיעין,,3,הוצאה,חניה,FALSE,MAX 4398
11.3.2026,אפר׳.26,חניון קניון מודיעין,,3,הוצאה,חניה,FALSE,MAX 4398
12.3.2026,אפר׳.26,חניון קניון מודיעין,,3,הוצאה,חניה,FALSE,MAX 4398
15.3.2026,אפר׳.26,המאפה של אודטה,,3,הוצאה,"מזון, סופר ומכולת",FALSE,CAL 8973
18.3.2026,אפר׳.26,חניון קניון מודיעין,,3,הוצאה,חניה,FALSE,MAX 4398
19.3.2026,אפר׳.26,חניון קניון מודיעין,,3,הוצאה,חניה,FALSE,MAX 4398
24.3.2026,אפר׳.26,חניון קניון מודיעין,,3,הוצאה,חניה,FALSE,MAX 4398
25.3.2026,אפר׳.26,חניון קניון מודיעין,,3,הוצאה,חניה,FALSE,MAX 4398
30.3.2026,אפר׳.26,חניון קניון מודיעין,,3,הוצאה,חניה,FALSE,MAX 4398
6.4.2026,אפר׳.26,חניון קניון מודיעין,,3,הוצאה,חניה,FALSE,MAX 4398
6.4.2026,אפר׳.26,חניון קניון מודיעין,,3,הוצאה,חניה,FALSE,MAX 4398
29.4.2026,מאי.26,חניון קניון מודיעין,,3,הוצאה,חניה,FALSE,MAX 4398
4.5.2026,מאי.26,חניון קניון מודיעין,,3,הוצאה,חניה,FALSE,MAX 4398
5.5.2026,מאי.26,חניון קניון מודיעין,,3,הוצאה,חניה,FALSE,MAX 4398
8.10.2025,אוק׳.25,APPLE.COM/BILL         ITUNES.COM    IRL,,3.9,הוצאה,"תקשורת, טלויזיה ואינטרנט",FALSE,MAX 4398
26.8.2025,ספט׳.25,מ.תחבורה - פנגו מוביט,,4,הוצאה,תחבורה ציבורית,FALSE,MAX 4398
2.9.2025,ספט׳.25,"מש - קר בע""מ",,4.5,הוצאה,אוכלים בחוץ - עידן,FALSE,MAX 4398
31.10.2025,נוב׳.25,"מש - קר בע""מ",,4.5,הוצאה,אוכלים בחוץ - עידן,FALSE,MAX 4398
16.2.2026,מרץ.26,"מש - קר בע""מ",,4.5,הוצאה,אוכלים בחוץ - עידן,FALSE,MAX 4398
5.1.2026,ינו׳.26,"אי. פי. אי חניה ובקרה בע""מ",,4.9,הוצאה,חניה,FALSE,CAL 8973
29.4.2026,מאי.26,פנגו-חניונים,,4.9,הוצאה,חניה,FALSE,MAX 4398
17.3.2025,אפר׳.25,פנגו-חניונים,,5,הוצאה,חניה,FALSE,MAX 4398
19.3.2025,אפר׳.25,פנגו-חניונים,,5,הוצאה,חניה,FALSE,MAX 4398
25.3.2025,אפר׳.25,פנגו-חניונים,,5,הוצאה,חניה,FALSE,MAX 4398
5.4.2025,אפר׳.25,פנגו-חניונים,,5,הוצאה,חניה,FALSE,MAX 4398
21.4.2025,מאי.25,פנגו-חניונים,,5,הוצאה,חניה,FALSE,MAX 4398
28.4.2025,מאי.25,"אי. פי. אי חניה ובקרה בע""מ",,5,הוצאה,חניה,FALSE,CAL 8973
30.4.2025,מאי.25,פנגו-חניונים,,5,הוצאה,חניה,FALSE,MAX 4398
5.5.2025,מאי.25,פנגו-חניונים,,5,הוצאה,חניה,FALSE,MAX 4398
6.5.2025,מאי.25,פנגו-חניונים,,5,הוצאה,חניה,FALSE,MAX 4398
8.5.2025,מאי.25,המאפה של אודטה,,5,הוצאה,"מזון, סופר ומכולת",FALSE,CAL 8973
15.5.2025,יוני.25,פנגו-חניונים,,5,הוצאה,חניה,FALSE,MAX 4398
15.5.2025,יוני.25,פנגו-חניונים,,5,הוצאה,חניה,FALSE,MAX 4398
19.5.2025,יוני.25,פנגו-חניונים,,5,הוצאה,חניה,FALSE,MAX 4398
21.5.2025,יוני.25,פנגו-חניונים,,5,הוצאה,חניה,FALSE,MAX 4398
21.5.2025,יוני.25,המאפה של אודטה,,5,הוצאה,"מזון, סופר ומכולת",FALSE,CAL 8973
25.5.2025,יוני.25,פנגו-חניונים,,5,הוצאה,חניה,FALSE,MAX 4398
2.7.2025,יולי.25,פנגו-חניונים,,5,הוצאה,חניה,FALSE,MAX 4398
8.7.2025,יולי.25,פנגו-חניונים,,5,הוצאה,חניה,FALSE,MAX 4398
9.7.2025,יולי.25,פנגו-חניונים,,5,הוצאה,חניה,FALSE,MAX 4398
17.7.2025,אוג׳.25,המאפה של אודטה,,5,הוצאה,"מזון, סופר ומכולת",FALSE,CAL 8973
21.7.2025,אוג׳.25,פנגו-חניונים,,5,הוצאה,חניה,FALSE,MAX 4398
10.8.2025,ספט׳.25,פנגו-חניונים,,5,הוצאה,חניה,FALSE,MAX 4398
11.8.2025,ספט׳.25,פנגו-חניונים,,5,הוצאה,חניה,FALSE,MAX 4398
28.8.2025,ספט׳.25,פנגו-חניונים,,5,הוצאה,חניה,FALSE,MAX 4398
15.11.2025,דצמ׳.25,דני בתי מאפה,,5,הוצאה,אוכלים בחוץ - עידן,FALSE,MAX 4398
21.12.2025,ינו׳.26,המאפה של אודטה,,5,הוצאה,"מזון, סופר ומכולת",FALSE,CAL 8973
19.5.2025,יוני.25,ריבית גישור,,5.11,הוצאה,ריבית ועמלות,FALSE,CAL 8973
4.2.2026,פבר׳.26,פנגו-חניונים,,5.2,הוצאה,חניה,FALSE,MAX 4398
26.2.2026,מרץ.26,"אי. פי. אי חניה ובקרה בע""מ",,5.3,הוצאה,חניה,FALSE,CAL 8973
10.3.2026,אפר׳.26,"סה""ר",,5.35,הוצאה,אוכלים בחוץ - עידן,FALSE,MAX 4398
18.2.2026,מרץ.26,פנגו-חניונים,,5.4,הוצאה,חניה,FALSE,MAX 4398
23.3.2025,אפר׳.25,"מש - קר בע""מ",,5.5,הוצאה,אוכלים בחוץ - עידן,FALSE,MAX 4398
10.6.2025,יולי.25,"סה""ר",,5.61,הוצאה,אוכלים בחוץ - עידן,FALSE,MAX 4398
10.4.2026,מאי.26,"סה""ר",,5.69,הוצאה,אוכלים בחוץ - עידן,FALSE,MAX 4398
11.2.2026,מרץ.26,"אי. פי. אי חניה ובקרה בע""מ",,5.7,הוצאה,חניה,FALSE,CAL 8973
10.10.2025,נוב׳.25,"סה""ר",,5.73,הוצאה,אוכלים בחוץ - עידן,FALSE,MAX 4398
28.1.2026,פבר׳.26,פנגו-חניונים,,5.8,הוצאה,חניה,FALSE,MAX 4398
3.9.2025,ספט׳.25,גולד מרקט,,6,הוצאה,"מזון, סופר ומכולת",FALSE,MAX 7495
27.9.2025,אוק׳.25,ע. סופר ומאפיית העיר,,6,הוצאה,"מזון, סופר ומכולת",FALSE,MAX 7495
22.10.2025,נוב׳.25,גולד מרקט,,6,הוצאה,"מזון, סופר ומכולת",FALSE,MAX 7495
12.11.2025,דצמ׳.25,גולד מרקט,,6,הוצאה,"מזון, סופר ומכולת",FALSE,MAX 7495
11.1.2026,פבר׳.26,המאפה של אודטה,,6,הוצאה,"מזון, סופר ומכולת",FALSE,CAL 8973
25.1.2026,פבר׳.26,הפלאפל של הרצל,,6,הוצאה,"מזון, סופר ומכולת",FALSE,CAL 8973
4.12.2025,דצמ׳.25,"מש - קר בע""מ",,6.5,הוצאה,אוכלים בחוץ - עמית,FALSE,MAX 7495
27.6.2025,יולי.25,מרקט VIP,,7,הוצאה,אוכלים בחוץ - עמית,FALSE,MAX 7495
8.7.2025,יולי.25,סקארה- מודיעין עזריאלי,,7,הוצאה,בריאות וטיפוח - אחר,FALSE,CAL 8973
24.1.2026,פבר׳.26,מיקה מודיעין,,7,הוצאה,אוכלים בחוץ - עמית,FALSE,MAX 7495
10.8.2025,ספט׳.25,"סה""ר",,7.05,הוצאה,אוכלים בחוץ - עידן,FALSE,MAX 4398
25.7.2025,אוג׳.25,מ.תחבורה - פנגו מוביט,,7.25,הוצאה,תחבורה ציבורית,FALSE,MAX 4398
26.10.2025,נוב׳.25,מ.תחבורה - פנגו מוביט,,7.25,הוצאה,תחבורה ציבורית,FALSE,MAX 4398
11.1.2026,פבר׳.26,"סה""ר",,7.3,הוצאה,אוכלים בחוץ - עידן,FALSE,MAX 4398
26.3.2025,אפר׳.25,SURF-ANYWHERE.COM*MCB  ZEEWOLDE      NLD,,7.4,הוצאה,לא מסווג,FALSE,MAX 4398
13.11.2025,דצמ׳.25,המאפה של אודטה,,7.5,הוצאה,"מזון, סופר ומכולת",FALSE,MAX 4398
12.3.2026,אפר׳.26,המאפה של אודטה,,7.5,הוצאה,"מזון, סופר ומכולת",FALSE,CAL 8973
10.7.2025,אוג׳.25,"סה""ר",,7.63,הוצאה,אוכלים בחוץ - עידן,FALSE,MAX 4398
25.7.2025,אוג׳.25,סופר פארם ביג פוריה 158,,7.9,הוצאה,חנויות פארם ובתי מרקחת,FALSE,MAX 4398
3.12.2025,דצמ׳.25,סופר פארם רמבם חיפה,,7.9,הוצאה,"מזון, סופר ומכולת",FALSE,CAL 8973
17.3.2025,אפר׳.25,Google One,,8,הוצאה,"תקשורת, טלויזיה ואינטרנט",FALSE,CAL 4015
17.4.2025,מאי.25,Google One,,8,הוצאה,"תקשורת, טלויזיה ואינטרנט",FALSE,CAL 4015
17.5.2025,יוני.25,Google One,,8,הוצאה,"תקשורת, טלויזיה ואינטרנט",FALSE,CAL 4015
17.6.2025,יולי.25,Google One,,8,הוצאה,"תקשורת, טלויזיה ואינטרנט",FALSE,CAL 4015
17.7.2025,אוג׳.25,Google One,,8,הוצאה,"תקשורת, טלויזיה ואינטרנט",FALSE,CAL 4015
17.8.2025,ספט׳.25,Google One,,8,הוצאה,"תקשורת, טלויזיה ואינטרנט",FALSE,CAL 4015
17.9.2025,אוק׳.25,Google One,,8,הוצאה,"תקשורת, טלויזיה ואינטרנט",FALSE,CAL 4015
16.10.2025,נוב׳.25,GOOGLE*GOOGLE ONE,,8,הוצאה,"תקשורת, טלויזיה ואינטרנט",FALSE,CAL 4015
16.11.2025,דצמ׳.25,GOOGLE*GOOGLE ONE,,8,הוצאה,"תקשורת, טלויזיה ואינטרנט",FALSE,CAL 4015
4.12.2025,דצמ׳.25,המאפה של אודטה,,8,הוצאה,"מזון, סופר ומכולת",FALSE,CAL 8973
10.2.2026,מרץ.26,"סה""ר",,8.17,הוצאה,אוכלים בחוץ - עידן,FALSE,MAX 4398
10.9.2025,אוק׳.25,"סה""ר",,8.84,הוצאה,אוכלים בחוץ - עידן,FALSE,MAX 4398
10.11.2025,דצמ׳.25,"סה""ר",,8.91,הוצאה,אוכלים בחוץ - עידן,FALSE,MAX 4398
16.3.2025,אפר׳.25,הלב המתוק,,9,הוצאה,"מזון, סופר ומכולת",FALSE,CAL 8973
27.3.2025,אפר׳.25,המאפה של אודטה,,9,הוצאה,"מזון, סופר ומכולת",FALSE,CAL 8973
19.5.2025,יוני.25,גולד מרקט,,9,הוצאה,"מזון, סופר ומכולת",FALSE,MAX 7495
7.9.2025,ספט׳.25,לינוי לאה- מאפה מבורך,,9,הוצאה,אוכלים בחוץ - עמית,FALSE,MAX 7495
11.11.2025,דצמ׳.25,לינוי לאה- מאפה מבורך,,9,הוצאה,אוכלים בחוץ - עמית,FALSE,MAX 7495
26.11.2025,דצמ׳.25,לינוי לאה- מאפה מבורך,,9,הוצאה,אוכלים בחוץ - עמית,FALSE,MAX 7495
10.12.2025,ינו׳.26,שיבולת השרון מודיעין,,9,הוצאה,"מזון, סופר ומכולת",FALSE,MAX 4398
8.1.2026,ינו׳.26,צמצם מודיעין,,9,הוצאה,קניות לבית - שונות,FALSE,CAL 8973
18.1.2026,פבר׳.26,לינוי לאה- מאפה מבורך,,9,הוצאה,אוכלים בחוץ - עמית,FALSE,MAX 7495
20.1.2026,פבר׳.26,המאפה של אודטה,,9,הוצאה,"מזון, סופר ומכולת",FALSE,CAL 8973
25.4.2025,מאי.25,"מינימרקט קייזר בע""מ",,9.28,הוצאה,"מזון, סופר ומכולת",FALSE,CAL 8973
2.12.2025,דצמ׳.25,חניוני יעקבי,,9.4,הוצאה,חניה,FALSE,CAL 8973
24.4.2026,מאי.26,סונול סמדר,,9.5,הוצאה,אוכלים בחוץ - עמית,FALSE,MAX 7495
22.12.2025,ינו׳.26,סופר אלונית לטרון,,9.9,הוצאה,אוכלים בחוץ - עמית,FALSE,MAX 7495
1.1.2026,ינו׳.26,פז געש,,9.9,הוצאה,אוכלים בחוץ - עמית,FALSE,MAX 7495
18.6.2025,יולי.25,מרשמלו,,10,הוצאה,"מזון, סופר ומכולת",FALSE,CAL 8973
20.6.2025,יולי.25,חומוס אליהו,,10,הוצאה,"מזון, סופר ומכולת",FALSE,CAL 8973
28.10.2025,נוב׳.25,שווארמה אבו גוש,,10,הוצאה,אוכלים בחוץ - עמית,FALSE,MAX 7495
15.11.2025,דצמ׳.25,365 SWEET - מודיעין,,10,הוצאה,"מזון, סופר ומכולת",FALSE,MAX 7495
17.12.2025,ינו׳.26,חומוס אליהו,,10,הוצאה,"מזון, סופר ומכולת",FALSE,CAL 8973
18.2.2026,מרץ.26,גולד מרקט,,10,הוצאה,"מזון, סופר ומכולת",FALSE,MAX 7495
23.2.2026,מרץ.26,שיבולת השרון מודיעין,,10,הוצאה,"מזון, סופר ומכולת",FALSE,MAX 4398
20.4.2026,מאי.26,לינוי לאה- מאפה מבורך,,10,הוצאה,אוכלים בחוץ - עמית,FALSE,MAX 7495
29.3.2026,אפר׳.26,מרשמלו,,10.03,הוצאה,אוכלים בחוץ - עמית,FALSE,MAX 7495
28.8.2025,ספט׳.25,פיצוחי מורנו,,10.2,הוצאה,"מזון, סופר ומכולת",FALSE,CAL 8973
23.4.2025,מאי.25,מ.א מכונות אוטומטיות,,10.7,הוצאה,אוכלים בחוץ - עמית,FALSE,MAX 7495
9.7.2025,יולי.25,לב השדה,,10.9,הוצאה,"מזון, סופר ומכולת",FALSE,CAL 8973
8.4.2025,אפר׳.25,קפה עלית רכבת מודיעין מרכז,,11,הוצאה,אוכלים בחוץ,FALSE,CAL 8973
12.11.2025,דצמ׳.25,א.י קפה הפוך,,11,הוצאה,אוכלים בחוץ - עידן,FALSE,MAX 4398
21.12.2025,ינו׳.26,מאפה נאמן הדר,,11,הוצאה,אוכלים בחוץ,FALSE,CAL 8973
15.1.2026,פבר׳.26,פלסטיק שופ,,11,הוצאה,"מזון, סופר ומכולת",FALSE,CAL 8973
26.6.2025,יולי.25,מ.תחבורה - פנגו מוביט,,11.5,הוצאה,תחבורה ציבורית,FALSE,MAX 4398
10.12.2025,ינו׳.26,"סה""ר",,11.53,הוצאה,אוכלים בחוץ - עידן,FALSE,MAX 4398
28.3.2025,אפר׳.25,APPLE.COM/BILL         ITUNES.COM    IRL,,11.9,הוצאה,"תקשורת, טלויזיה ואינטרנט",FALSE,MAX 4398
28.4.2025,מאי.25,APPLE.COM/BILL         ITUNES.COM    IRL,,11.9,הוצאה,"תקשורת, טלויזיה ואינטרנט",FALSE,MAX 4398
28.5.2025,יוני.25,APPLE.COM/BILL         ITUNES.COM    IRL,,11.9,הוצאה,"תקשורת, טלויזיה ואינטרנט",FALSE,MAX 4398
28.6.2025,יולי.25,APPLE.COM/BILL         ITUNES.COM    IRL,,11.9,הוצאה,"תקשורת, טלויזיה ואינטרנט",FALSE,MAX 4398
28.7.2025,אוג׳.25,APPLE.COM/BILL         ITUNES.COM    IRL,,11.9,הוצאה,"תקשורת, טלויזיה ואינטרנט",FALSE,MAX 4398
28.8.2025,ספט׳.25,APPLE.COM/BILL         ITUNES.COM    IRL,,11.9,הוצאה,"תקשורת, טלויזיה ואינטרנט",FALSE,MAX 4398
28.9.2025,אוק׳.25,APPLE.COM/BILL         ITUNES.COM    IRL,,11.9,הוצאה,"תקשורת, טלויזיה ואינטרנט",FALSE,MAX 4398
28.10.2025,נוב׳.25,APPLE.COM/BILL         CORK          IRL,,11.9,הוצאה,"תקשורת, טלויזיה ואינטרנט",FALSE,MAX 4398
28.11.2025,דצמ׳.25,APPLE.COM/BILL         CORK          IRL,,11.9,הוצאה,"תקשורת, טלויזיה ואינטרנט",FALSE,MAX 4398
28.12.2025,ינו׳.26,APPLE.COM/BILL         CORK          IRL,,11.9,הוצאה,"תקשורת, טלויזיה ואינטרנט",FALSE,MAX 4398
28.1.2026,פבר׳.26,APPLE.COM/BILL         CORK          IRL,,11.9,הוצאה,"תקשורת, טלויזיה ואינטרנט",FALSE,MAX 4398
28.2.2026,מרץ.26,APPLE.COM/BILL         CORK          IRL,,11.9,הוצאה,"תקשורת, טלויזיה ואינטרנט",FALSE,MAX 4398
28.3.2026,אפר׳.26,APPLE.COM/BILL         CORK          IRL,,11.9,הוצאה,"תקשורת, טלויזיה ואינטרנט",FALSE,MAX 4398
28.4.2026,מאי.26,APPLE.COM/B ILL CORK,,11.9,הוצאה,"תקשורת, טלויזיה ואינטרנט",FALSE,MAX 4398
30.3.2025,אפר׳.25,קפה עלית - רכבת השלום דרו,,12,הוצאה,אוכלים בחוץ - עמית,FALSE,MAX 7495
30.4.2025,מאי.25,נפלאות הקמח,,12,הוצאה,"מזון, סופר ומכולת",FALSE,CAL 8973
7.5.2025,מאי.25,"ספייס מועדוני כושר בע""מ -",,12,הוצאה,כושר,FALSE,MAX 7495
13.5.2025,יוני.25,ארומה חוף גורדון,,12,הוצאה,אוכלים בחוץ - עמית,FALSE,MAX 7495
16.6.2025,יולי.25,עמית ❤️👨🏻,,12,הוצאה,אוכלים בחוץ,FALSE,BIT
28.8.2025,ספט׳.25,המאפה של אודטה,,12,הוצאה,"מזון, סופר ומכולת",FALSE,CAL 8973
9.10.2025,אוק׳.25,פיצוחי עמדי - ממתקי אזובל,,12,הוצאה,"מזון, סופר ומכולת",FALSE,MAX 4398
22.10.2025,נוב׳.25,גולד מרקט,,12,הוצאה,"מזון, סופר ומכולת",FALSE,MAX 7495
25.10.2025,נוב׳.25,פז YELLOW עתלית,,12,הוצאה,אוכלים בחוץ - עמית,FALSE,MAX 7495
14.11.2025,דצמ׳.25,פנגו-חניונים,,12,הוצאה,חניה,FALSE,MAX 4398
30.11.2025,דצמ׳.25,ארנה מרקט,,12,הוצאה,אוכלים בחוץ - עמית,FALSE,MAX 7495
8.12.2025,דצמ׳.25,"ענמ מסעדות בע""מ",,12,הוצאה,אוכלים בחוץ - עמית,FALSE,MAX 7495
8.12.2025,דצמ׳.25,"ענמ מסעדות בע""מ",,12,הוצאה,אוכלים בחוץ - עמית,FALSE,MAX 7495
24.2.2026,מרץ.26,מ.א מכונות אוטומטיות,,12,הוצאה,אוכלים בחוץ - עמית,FALSE,MAX 7495
15.4.2026,מאי.26,פנגו-חניונים,,12,הוצאה,חניה,FALSE,MAX 4398
9.7.2025,יולי.25,פלסטיק שופ,,12.9,הוצאה,"מזון, סופר ומכולת",FALSE,CAL 8973
21.8.2025,ספט׳.25,ליאור עדיקה - סניף מודיעי,,12.9,הוצאה,חנויות פארם ובתי מרקחת,FALSE,MAX 4398
15.1.2026,פבר׳.26,קואופ מודיעין קייזר,,12.9,הוצאה,"מזון, סופר ומכולת",FALSE,CAL 8973
27.1.2026,פבר׳.26,פנגו חשבונית חודשית,,12.9,הוצאה,חניה,FALSE,MAX 4398
27.3.2026,אפר׳.26,פנגו חשבונית חודשית,,12.9,הוצאה,חניה,FALSE,MAX 4398
27.4.2026,מאי.26,פנגו חשבונית חודשית,,12.9,הוצאה,חניה,FALSE,MAX 4398
17.1.2026,פבר׳.26,365 SWEET - מודיעין,,13,הוצאה,"מזון, סופר ומכולת",FALSE,MAX 7495
24.3.2026,אפר׳.26,המאפה של אודטה,,13,הוצאה,"מזון, סופר ומכולת",FALSE,CAL 8973
8.4.2026,אפר׳.26,הפניקס ביטוח,,13,הוצאה,ביטוח רכב,TRUE,MAX 4398
11.4.2026,מאי.26,פנגו-חניונים,,13,הוצאה,חניה,FALSE,MAX 4398
21.12.2025,ינו׳.26,עידן הפרי והירק,,13.9,הוצאה,"מזון, סופר ומכולת",FALSE,CAL 8973
16.3.2025,אפר׳.25,"הפיצה של ג'ו בע""מ",,14,הוצאה,"מזון, סופר ומכולת",FALSE,MAX 7495
7.4.2025,אפר׳.25,הפלאפל של הרצל,,14,הוצאה,"מזון, סופר ומכולת",FALSE,CAL 8973
13.5.2025,יוני.25,THE COFFEE WORLD,,14,הוצאה,אוכלים בחוץ,FALSE,CAL 8973
21.8.2025,ספט׳.25,המאפה של אודטה,,14,הוצאה,"מזון, סופר ומכולת",FALSE,CAL 8973
6.10.2025,אוק׳.25,פיצוחי מורנו,,14,הוצאה,"מזון, סופר ומכולת",FALSE,CAL 8973
27.11.2025,דצמ׳.25,המאפה של אודטה,,14,הוצאה,"מזון, סופר ומכולת",FALSE,CAL 4015
9.12.2025,דצמ׳.25,"אילנס רכבת -ת""א האוניברסיטה",,14,הוצאה,אוכלים בחוץ,FALSE,CAL 8973
12.1.2026,פבר׳.26,מיכליס,,14,הוצאה,אוכלים בחוץ,FALSE,CAL 8973
12.2.2026,מרץ.26,המאפה של אודטה,,14,הוצאה,"מזון, סופר ומכולת",FALSE,CAL 8973
15.2.2026,מרץ.26,צמצם מודיעין,,14,הוצאה,קניות לבית - שונות,FALSE,CAL 8973
23.2.2026,מרץ.26,פנגו-חניונים,,14,הוצאה,חניה,FALSE,MAX 4398
26.2.2026,מרץ.26,המאפה של אודטה,,14,הוצאה,"מזון, סופר ומכולת",FALSE,CAL 8973
26.12.2025,ינו׳.26,מ.תחבורה - פנגו מוביט,,14.5,הוצאה,תחבורה ציבורית,FALSE,MAX 4398
10.4.2025,מאי.25,הום סנטר מודיעין,,14.9,הוצאה,קניות לבית - שונות,FALSE,CAL 8973
12.12.2025,ינו׳.26,גולד מרקט,,14.9,הוצאה,"מזון, סופר ומכולת",FALSE,MAX 7495
2.2.2026,פבר׳.26,"קשטן דאלי בע""מ",,14.9,הוצאה,"מזון, סופר ומכולת",FALSE,CAL 8973
23.3.2025,אפר׳.25,פנגו-חניונים,,15,הוצאה,חניה,FALSE,MAX 4398
13.5.2025,יוני.25,מרכז הפחמים בעמ,,15,הוצאה,"מזון, סופר ומכולת",FALSE,CAL 8973
20.6.2025,יולי.25,בכר סנטר,,15,הוצאה,"מזון, סופר ומכולת",FALSE,MAX 7495
12.11.2025,דצמ׳.25,קפה 443,,15,הוצאה,אוכלים בחוץ,FALSE,CAL 8973
20.11.2025,דצמ׳.25,המאפה של אודטה,,15,הוצאה,"מזון, סופר ומכולת",FALSE,MAX 4398
30.11.2025,דצמ׳.25,הבנאי מ.מ אספקה טכנית בעמ,,15,הוצאה,אחזקת בית ותיקונים,FALSE,CAL 8973
16.12.2025,ינו׳.26,קופי טיים בעמ,,15,הוצאה,אוכלים בחוץ,FALSE,CAL 8973
21.12.2025,ינו׳.26,נקודת חן,,15,הוצאה,קניות לבית - שונות,FALSE,CAL 8973
8.2.2026,פבר׳.26,מפגש יערה סניף מודיעין,,15,הוצאה,אוכלים בחוץ - עמית,FALSE,MAX 7495
23.2.2026,מרץ.26,המאפה של אודטה,,15,הוצאה,"מזון, סופר ומכולת",FALSE,MAX 4398
25.6.2025,יולי.25,מ.תחבורה - פנגו מוביט,,15.25,הוצאה,תחבורה ציבורית,FALSE,MAX 4398
15.4.2025,מאי.25,ריקושט,,15.8,הוצאה,ציוד צבאי,FALSE,CAL 8973
21.8.2025,ספט׳.25,מקס מודיעיו,,15.9,הוצאה,קניות לבית - שונות,FALSE,MAX 4398
7.10.2025,אוק׳.25,סופר פארם מודיעין שמשוני,,15.9,הוצאה,חנויות פארם ובתי מרקחת,FALSE,MAX 4398
1.8.2025,אוג׳.25,מרשמלו,,16,הוצאה,"מזון, סופר ומכולת",FALSE,MAX 4398
9.10.2025,אוק׳.25,המאפה של אודטה,,16,הוצאה,"מזון, סופר ומכולת",FALSE,MAX 4398
13.11.2025,דצמ׳.25,גולד מרקט,,16,הוצאה,"מזון, סופר ומכולת",FALSE,MAX 7495
23.11.2025,דצמ׳.25,קפה רושה - בת ים,,16,הוצאה,אוכלים בחוץ,FALSE,CAL 8973
1.12.2025,דצמ׳.25,קפה גן סיפור הרצליה,,16,הוצאה,אוכלים בחוץ,FALSE,CAL 8973
21.12.2025,ינו׳.26,רולדין מודיעין,,16,הוצאה,אוכלים בחוץ - עידן,FALSE,MAX 4398
23.12.2025,ינו׳.26,גולד מרקט,,16,הוצאה,"מזון, סופר ומכולת",FALSE,MAX 7495
29.12.2025,ינו׳.26,גולד מרקט,,16,הוצאה,"מזון, סופר ומכולת",FALSE,MAX 7495
15.1.2026,פבר׳.26,גולד מרקט,,16,הוצאה,"מזון, סופר ומכולת",FALSE,MAX 7495
21.1.2026,פבר׳.26,גולד מרקט,,16,הוצאה,"מזון, סופר ומכולת",FALSE,MAX 7495
5.2.2026,פבר׳.26,גולד מרקט,,16,הוצאה,"מזון, סופר ומכולת",FALSE,MAX 7495
26.2.2026,מרץ.26,גולד מרקט,,16,הוצאה,"מזון, סופר ומכולת",FALSE,MAX 7495
12.4.2026,מאי.26,קפה ניר,,16,הוצאה,אוכלים בחוץ,FALSE,CAL 8973
8.9.2025,ספט׳.25,לב השדה,,16.14,הוצאה,"מזון, סופר ומכולת",FALSE,CAL 8973
24.3.2025,אפר׳.25,גולד מרקט,,17,הוצאה,"מזון, סופר ומכולת",FALSE,MAX 7495
18.7.2025,אוג׳.25,המאפה של אודטה,,17,הוצאה,"מזון, סופר ומכולת",FALSE,MAX 4398
10.11.2025,דצמ׳.25,ארומה קסטינה,,17,הוצאה,אוכלים בחוץ,FALSE,CAL 8973
22.11.2025,דצמ׳.25,חניוני יעקבי,,17,הוצאה,חניה,FALSE,CAL 8973
23.1.2026,פבר׳.26,המאפה של אודטה,,17,הוצאה,"מזון, סופר ומכולת",FALSE,MAX 4398
5.4.2026,אפר׳.26,"סל מתוק דובנוב מתוקים בע""",,17,הוצאה,"מזון, סופר ומכולת",FALSE,MAX 7495
27.4.2026,מאי.26,חומוס אליהו,,17,הוצאה,"מזון, סופר ומכולת",FALSE,CAL 8973
13.4.2026,מאי.26,מרשמלו,,17.17,הוצאה,אוכלים בחוץ - עמית,FALSE,MAX 7495
27.4.2025,מאי.25,פנגו חשבונית חודשית,,17.33,הוצאה,חניה,FALSE,MAX 4398
2.11.2025,נוב׳.25,קואופ מודיעין קייזר,,17.4,הוצאה,"מזון, סופר ומכולת",FALSE,CAL 8973
15.2.2026,מרץ.26,מיקה מודיעין,,17.5,הוצאה,אוכלים בחוץ,FALSE,CAL 8973
7.3.2026,מרץ.26,מיקה מודיעין,,17.5,הוצאה,אוכלים בחוץ - עמית,FALSE,MAX 7495
22.3.2025,אפר׳.25,יועצת מס שושי פרידמן,,17.7,הוצאה,רואה חשבון ויעוץ מס,FALSE,MAX 4398
13.5.2025,יוני.25,יועצת מס שושי פרידמן,,17.7,הוצאה,רואה חשבון ויעוץ מס,FALSE,MAX 4398
13.6.2025,יולי.25,יועצת מס שושי פרידמן,,17.7,הוצאה,רואה חשבון ויעוץ מס,FALSE,MAX 4398
13.7.2025,אוג׳.25,יועצת מס שושי פרידמן,,17.7,הוצאה,רואה חשבון ויעוץ מס,FALSE,MAX 4398
13.8.2025,ספט׳.25,יועצת מס שושי פרידמן,,17.7,הוצאה,רואה חשבון ויעוץ מס,FALSE,MAX 4398
13.9.2025,אוק׳.25,יועצת מס שושי פרידמן,,17.7,הוצאה,רואה חשבון ויעוץ מס,FALSE,MAX 4398
13.10.2025,נוב׳.25,יועצת מס שושי פרידמן,,17.7,הוצאה,רואה חשבון ויעוץ מס,FALSE,MAX 4398
13.11.2025,דצמ׳.25,יועצת מס שושי פרידמן,,17.7,הוצאה,רואה חשבון ויעוץ מס,FALSE,MAX 4398
13.12.2025,ינו׳.26,יועצת מס שושי פרידמן,,17.7,הוצאה,רואה חשבון ויעוץ מס,FALSE,MAX 4398
13.1.2026,פבר׳.26,יועצת מס שושי פרידמן,,17.7,הוצאה,רואה חשבון ויעוץ מס,FALSE,MAX 4398
13.2.2026,מרץ.26,יועצת מס שושי פרידמן,,17.7,הוצאה,רואה חשבון ויעוץ מס,FALSE,MAX 4398
13.3.2026,אפר׳.26,יועצת מס שושי פרידמן,,17.7,הוצאה,רואה חשבון ויעוץ מס,FALSE,MAX 4398
13.4.2026,מאי.26,יועצת מס שושי פרידמן,,17.7,הוצאה,רואה חשבון ויעוץ מס,FALSE,MAX 4398
10.5.2025,יוני.25,סופר פארם מודיעין ישפרו סנטר 125,,17.9,הוצאה,חנויות פארם ובתי מרקחת,FALSE,CAL 8973
21.5.2025,יוני.25,גולד מרקט,,18,הוצאה,"מזון, סופר ומכולת",FALSE,MAX 7495
9.9.2025,ספט׳.25,נונו מימי קרית אונו,,18,הוצאה,אוכלים בחוץ,FALSE,CAL 8973
20.11.2025,דצמ׳.25,נונו מימי נס ציונה,,18,הוצאה,אוכלים בחוץ,FALSE,CAL 8973
20.4.2026,מאי.26,לב השדה,,18.05,הוצאה,"מזון, סופר ומכולת",FALSE,CAL 8973
3.10.2025,אוק׳.25,ALIEXPRESS             LUXEMBOURG    LUX,,18.09,הוצאה,קניות לבית - שונות,FALSE,MAX 4398
30.11.2025,דצמ׳.25,אייץ' אנד או מודיעין,,18.61,הוצאה,"בגדים, נעליים ואביזרים",FALSE,CAL 8973
5.5.2026,מאי.26,חניון עזריאלי שרונה אפליק,,18.75,הוצאה,חניה,FALSE,MAX 4398
17.5.2025,יוני.25,קפה 443,,19,הוצאה,אוכלים בחוץ - עמית,FALSE,MAX 7495
19.5.2025,יוני.25,ארומה עזריאלי מודיעין,,19,הוצאה,אוכלים בחוץ,FALSE,CAL 8973
5.6.2025,יוני.25,גולד מרקט,,19,הוצאה,"מזון, סופר ומכולת",FALSE,MAX 7495
20.6.2025,יולי.25,חומוס אליהו,,19,הוצאה,"מזון, סופר ומכולת",FALSE,CAL 8973
4.10.2025,אוק׳.25,קפה 443,,19,הוצאה,אוכלים בחוץ - עמית,FALSE,MAX 7495
11.1.2026,פבר׳.26,אר קפה מידטאון,,19,הוצאה,אוכלים בחוץ,FALSE,CAL 8973
5.2.2026,פבר׳.26,אר קפה מידטאון,,19,הוצאה,אוכלים בחוץ,FALSE,CAL 8973
25.1.2026,פבר׳.26,פנינת המשחקים,,19.5,הוצאה,קניות לבית - שונות,FALSE,CAL 8973
14.5.2025,יוני.25,קולינאריק - מודיעין,,19.8,הוצאה,"מזון, סופר ומכולת",FALSE,CAL 8973
27.5.2025,יוני.25,CELLO,,19.8,הוצאה,חניה,FALSE,MAX 4398
16.3.2025,אפר׳.25,APPLE.COM/BILL         ITUNES.COM    IRL,,19.9,הוצאה,"תקשורת, טלויזיה ואינטרנט",FALSE,MAX 4398
16.4.2025,מאי.25,APPLE.COM/BILL         ITUNES.COM    IRL,,19.9,הוצאה,"תקשורת, טלויזיה ואינטרנט",FALSE,MAX 4398
30.4.2025,מאי.25,קואופ מודיעין קייזר,,19.9,הוצאה,"מזון, סופר ומכולת",FALSE,CAL 8973
16.5.2025,יוני.25,APPLE.COM/BILL         ITUNES.COM    IRL,,19.9,הוצאה,"תקשורת, טלויזיה ואינטרנט",FALSE,MAX 4398
16.6.2025,יולי.25,APPLE.COM/BILL         ITUNES.COM    IRL,,19.9,הוצאה,"תקשורת, טלויזיה ואינטרנט",FALSE,MAX 4398
16.7.2025,אוג׳.25,APPLE.COM/BILL         ITUNES.COM    IRL,,19.9,הוצאה,"תקשורת, טלויזיה ואינטרנט",FALSE,MAX 4398
16.8.2025,ספט׳.25,APPLE.COM/BILL         ITUNES.COM    IRL,,19.9,הוצאה,"תקשורת, טלויזיה ואינטרנט",FALSE,MAX 4398
16.9.2025,אוק׳.25,APPLE.COM/BILL         ITUNES.COM    IRL,,19.9,הוצאה,"תקשורת, טלויזיה ואינטרנט",FALSE,MAX 4398
21.9.2025,אוק׳.25,פלסטיק שופ,,19.9,הוצאה,"מזון, סופר ומכולת",FALSE,CAL 8973
16.10.2025,נוב׳.25,APPLE.COM/BILL         ITUNES.COM    IRL,,19.9,הוצאה,"תקשורת, טלויזיה ואינטרנט",FALSE,MAX 4398
26.11.2025,דצמ׳.25,APPLE.COM/BILL         CORK          IRL,,19.9,הוצאה,"תקשורת, טלויזיה ואינטרנט",FALSE,MAX 4398
5.1.2026,ינו׳.26,גולד מרקט,,19.9,הוצאה,"מזון, סופר ומכולת",FALSE,MAX 7495
26.1.2026,פבר׳.26,גולד מרקט,,19.9,הוצאה,"מזון, סופר ומכולת",FALSE,MAX 7495
12.3.2025,אפר׳.25,הבנאי מ.מ אספקה טכנית בעמ,,20,הוצאה,אחזקת בית ותיקונים,FALSE,CAL 8973
15.4.2025,מאי.25,פנגו - חניון נתבג,,20,הוצאה,חניה,FALSE,MAX 4398
22.4.2025,מאי.25,"מרחבים טל בע""מ",,20,הוצאה,"מזון, סופר ומכולת",FALSE,CAL 8973
27.4.2025,מאי.25,החברה לפיתוח קיסריה חניון הנמל,,20,הוצאה,חניה,FALSE,CAL 8973
6.5.2025,מאי.25,בליקר בייקרי מודיעין,,20,הוצאה,אוכלים בחוץ,FALSE,CAL 8973
24.7.2025,אוג׳.25,פז YELLOW מודיעין החדשה,,20,הוצאה,אוכלים בחוץ,FALSE,CAL 8973
30.9.2025,אוק׳.25,ראלי וויס-מפעל הפיס,,20,הוצאה,"מזון, סופר ומכולת",FALSE,CAL 8973
3.11.2025,נוב׳.25,מפגש השייח- ארנה,,20,הוצאה,אוכלים בחוץ - עמית,FALSE,MAX 7495
11.11.2025,דצמ׳.25,קפה גן סיפור הרצליה,,20,הוצאה,אוכלים בחוץ,FALSE,CAL 8973
19.11.2025,דצמ׳.25,סטימצקי שווק אינטרנט-גמא,,20,הוצאה,מוזיקה וספרים,FALSE,MAX 4398
27.12.2025,ינו׳.26,טמסיס עסקים,,20,הוצאה,"מזון, סופר ומכולת",FALSE,MAX 7495
13.2.2026,מרץ.26,המאפה של אודטה,,20,הוצאה,"מזון, סופר ומכולת",FALSE,MAX 4398
8.3.2026,מרץ.26,הפניקס ביטוח,,20,הוצאה,ביטוח רכב,TRUE,MAX 4398
16.4.2026,מאי.26,נפלאות הקמח,,20,הוצאה,"מזון, סופר ומכולת",FALSE,CAL 8973
8.5.2026,מאי.26,הפניקס ביטוח,,20,הוצאה,ביטוח רכב,TRUE,MAX 4398
25.11.2025,דצמ׳.25,מ.תחבורה - פנגו מוביט,,20.25,הוצאה,תחבורה ציבורית,FALSE,MAX 4398
19.7.2025,אוג׳.25,סיטי מרקט  מודיעין,,20.4,הוצאה,"מזון, סופר ומכולת",FALSE,MAX 7495
2.5.2025,מאי.25,קואופ מודיעין קייזר,,20.5,הוצאה,"מזון, סופר ומכולת",FALSE,MAX 4398
15.8.2025,ספט׳.25,בי דראגסטורס מודיעין,,20.5,הוצאה,חנויות פארם ובתי מרקחת,FALSE,MAX 4398
3.9.2025,ספט׳.25,בי דראגסטורס עזריאלי מודי,,20.5,הוצאה,חנויות פארם ובתי מרקחת,FALSE,MAX 4398
5.5.2025,מאי.25,מקס מודיעיו,,20.9,הוצאה,קניות לבית - שונות,FALSE,CAL 8973
1.4.2025,אפר׳.25,לשכת ה-NLP הישראלית לקידו,,21,הוצאה,הוצאות עסק - שונות,FALSE,MAX 4398
6.6.2025,יוני.25,פינה בלב,,21,הוצאה,"מזון, סופר ומכולת",FALSE,MAX 7495
5.2.2026,פבר׳.26,המאפה של אודטה,,21,הוצאה,"מזון, סופר ומכולת",FALSE,CAL 8973
26.4.2026,מאי.26,מ.תחבורה - פנגו מוביט,,21,הוצאה,תחבורה ציבורית,FALSE,MAX 4398
4.2.2026,פבר׳.26,פז YELLOW מודיעין החדשה,,21.9,הוצאה,אוכלים בחוץ,FALSE,CAL 8973
16.4.2026,מאי.26,בית מרקחת מכבי מודיעין,,21.92,הוצאה,חנויות פארם ובתי מרקחת,FALSE,CAL 8973
16.3.2025,אפר׳.25,פינה בלב,,22,הוצאה,"מזון, סופר ומכולת",FALSE,MAX 7495
18.8.2025,ספט׳.25,אינגליש קייק רמת בית הכרם,,22,הוצאה,אוכלים בחוץ,FALSE,CAL 8973
22.1.2026,פבר׳.26,לינוי לאה- מאפה מבורך,,22,הוצאה,אוכלים בחוץ - עמית,FALSE,MAX 7495
26.1.2026,פבר׳.26,לינוי לאה- מאפה מבורך,,22,הוצאה,אוכלים בחוץ - עמית,FALSE,MAX 7495
13.6.2025,יולי.25,פיצוחי מורנו,,22.4,הוצאה,"מזון, סופר ומכולת",FALSE,CAL 8973
23.2.2026,מרץ.26,גולד מרקט,,22.4,הוצאה,"מזון, סופר ומכולת",FALSE,MAX 7495
1.5.2025,מאי.25,"מינימרקט קייזר בע""מ",,22.9,הוצאה,"מזון, סופר ומכולת",FALSE,CAL 8973
8.2.2026,פבר׳.26,הפניקס ביטוח,,23,הוצאה,ביטוח רכב,TRUE,MAX 4398
10.2.2026,מרץ.26,קפה נמרוד שרונה,,23,הוצאה,אוכלים בחוץ,FALSE,CAL 8973
8.5.2026,מאי.26,המאפה של אודטה,,23,הוצאה,"מזון, סופר ומכולת",FALSE,MAX 4398
29.4.2025,מאי.25,מ.לחינוך ימי קיסריה,,23.28,הוצאה,חניה,FALSE,CAL 8973
20.7.2025,אוג׳.25,aliexpress,,23.38,הוצאה,קניות לבית - שונות,FALSE,CAL 8973
20.7.2025,אוג׳.25,aliexpress,,23.38,הוצאה,קניות לבית - שונות,FALSE,CAL 8973
9.5.2026,מאי.26,WOLT,,23.4,הוצאה,"מזון, סופר ומכולת",FALSE,MAX 4398
6.12.2025,דצמ׳.25,פעמית סטור מודיעין,,23.5,הוצאה,"מזון, סופר ומכולת",FALSE,MAX 4398
25.4.2025,מאי.25,פז YELLOW אשדוד עיר -,,23.9,הוצאה,אוכלים בחוץ - עמית,FALSE,MAX 7495
4.8.2025,אוג׳.25,סונול שילת,,23.9,הוצאה,אוכלים בחוץ - עמית,FALSE,MAX 7495
4.4.2025,אפר׳.25,דקאתלון ישראל - גן שמואל,,24,הוצאה,"בגדים, נעליים ואביזרים",FALSE,CAL 8973
30.4.2025,מאי.25,פלסטיק שופ,,24,הוצאה,"מזון, סופר ומכולת",FALSE,CAL 8973
15.7.2025,אוג׳.25,פינולי,,24,הוצאה,"מזון, סופר ומכולת",FALSE,CAL 8973
31.8.2025,ספט׳.25,"ענמ מסעדות בע""מ",,24,הוצאה,אוכלים בחוץ - עמית,FALSE,MAX 7495
21.12.2025,ינו׳.26,פקל דיגיטל בעמ,,24,הוצאה,"מזון, סופר ומכולת",FALSE,MAX 4398
29.4.2026,מאי.26,לינוי לאה- מאפה מבורך,,24,הוצאה,אוכלים בחוץ - עמית,FALSE,MAX 7495
25.3.2025,אפר׳.25,מ.תחבורה - פנגו מוביט,,24.5,הוצאה,תחבורה ציבורית,FALSE,MAX 4398
27.10.2025,נוב׳.25,פנגו חשבונית חודשית,,24.54,הוצאה,חניה,FALSE,MAX 4398
26.2.2026,מרץ.26,פנגו חשבונית חודשית,,24.61,הוצאה,חניה,FALSE,MAX 4398
16.4.2026,מאי.26,"נוי השדה הדס שוק צפון בע""",,24.7,הוצאה,"מזון, סופר ומכולת",FALSE,CAL 8973
21.9.2025,אוק׳.25,קואופ מודיעין קייזר,,24.8,הוצאה,"מזון, סופר ומכולת",FALSE,CAL 8973
12.3.2026,אפר׳.26,הירקניה שלי,,24.8,הוצאה,"מזון, סופר ומכולת",FALSE,CAL 8973
2.6.2025,יוני.25,סיטי מרקט  מודיעין,,24.9,הוצאה,"מזון, סופר ומכולת",FALSE,MAX 4398
8.6.2025,יוני.25,גזיאל בעיר,,25,הוצאה,"מזון, סופר ומכולת",FALSE,CAL 8973
25.9.2025,אוק׳.25,מ.תחבורה - פנגו מוביט,,25,הוצאה,תחבורה ציבורית,FALSE,MAX 4398
18.11.2025,דצמ׳.25,UPAPP,,25,הוצאה,כושר,FALSE,MAX 4398
14.12.2025,ינו׳.26,פנגו-חניונים,,25,הוצאה,חניה,FALSE,MAX 4398
15.12.2025,ינו׳.26,UPAPP,,25,הוצאה,כושר,FALSE,MAX 4398
18.12.2025,ינו׳.26,פנגו-חניונים,,25,הוצאה,חניה,FALSE,MAX 4398
19.12.2025,ינו׳.26,UPAPP,,25,הוצאה,כושר,FALSE,MAX 4398
31.12.2025,ינו׳.26,UPAPP,,25,הוצאה,כושר,FALSE,MAX 4398
8.1.2026,ינו׳.26,UPAPP,,25,הוצאה,כושר,FALSE,MAX 4398
18.1.2026,פבר׳.26,UPAPP,,25,הוצאה,כושר,FALSE,MAX 4398
21.1.2026,פבר׳.26,UPAPP,,25,הוצאה,כושר,FALSE,MAX 4398
24.1.2026,פבר׳.26,UPAPP,,25,הוצאה,כושר,FALSE,MAX 4398
29.1.2026,פבר׳.26,UPAPP,,25,הוצאה,כושר,FALSE,MAX 4398
5.2.2026,פבר׳.26,UPAPP,,25,הוצאה,כושר,FALSE,MAX 4398
10.2.2026,מרץ.26,אילנס רכבת השלום דרום,,25,הוצאה,אוכלים בחוץ,FALSE,CAL 8973
12.2.2026,מרץ.26,UPAPP,,25,הוצאה,כושר,FALSE,MAX 4398
22.2.2026,מרץ.26,UPAPP,,25,הוצאה,כושר,FALSE,MAX 4398
25.2.2026,מרץ.26,UPAPP,,25,הוצאה,כושר,FALSE,MAX 4398
8.3.2026,מרץ.26,UPAPP,,25,הוצאה,כושר,FALSE,MAX 4398
11.3.2026,אפר׳.26,UPAPP,,25,הוצאה,כושר,FALSE,MAX 4398
26.3.2026,אפר׳.26,UPAPP,,25,הוצאה,כושר,FALSE,MAX 4398
3.4.2026,אפר׳.26,UPAPP,,25,הוצאה,כושר,FALSE,MAX 4398
5.4.2026,אפר׳.26,UPAPP,,25,הוצאה,כושר,FALSE,MAX 4398
14.4.2026,מאי.26,UPAPP,,25,הוצאה,כושר,FALSE,MAX 4398
23.4.2026,מאי.26,UPAPP,,25,הוצאה,כושר,FALSE,MAX 4398
3.5.2026,מאי.26,UPAPP,,25,הוצאה,כושר,FALSE,MAX 4398
10.12.2025,ינו׳.26,הכל מהכל,,25.43,הוצאה,"מזון, סופר ומכולת",FALSE,MAX 4398
26.3.2025,אפר׳.25,פנגו חשבונית חודשית,,25.5,הוצאה,חניה,FALSE,MAX 4398
16.3.2025,אפר׳.25,מרקט VIP,,25.9,הוצאה,אוכלים בחוץ - עמית,FALSE,MAX 7495
11.4.2025,מאי.25,ארומה עזריאלי,,26,הוצאה,אוכלים בחוץ - עמית,FALSE,MAX 7495
25.12.2025,ינו׳.26,המאפה של אודטה,,26,הוצאה,"מזון, סופר ומכולת",FALSE,CAL 8973
15.2.2026,מרץ.26,מודיעין תור השקעות בעמ,,26,הוצאה,חניה,FALSE,CAL 8973
27.5.2025,יוני.25,קואופ מודיעין קייזר,,26.1,הוצאה,"מזון, סופר ומכולת",FALSE,CAL 8973
11.4.2025,מאי.25,"סופר רמת השחר בע""מ",,26.13,הוצאה,"מזון, סופר ומכולת",FALSE,CAL 8973
21.12.2025,ינו׳.26,בי דראגסטורס עזריאלי מודיעין,,26.2,הוצאה,חנויות פארם ובתי מרקחת,FALSE,CAL 8973
30.1.2026,פבר׳.26,מיקה מודיעין,,26.4,הוצאה,אוכלים בחוץ - עמית,FALSE,MAX 7495
11.7.2025,אוג׳.25,מקס מודיעיו,,26.6,הוצאה,קניות לבית - שונות,FALSE,MAX 4398
20.1.2026,פבר׳.26,"מינימרקט קייזר בע""מ",,26.8,הוצאה,"מזון, סופר ומכולת",FALSE,CAL 8973
14.4.2025,מאי.25,סופר אלונית חוצה ישראל מג,,26.9,הוצאה,אוכלים בחוץ - עמית,FALSE,MAX 4398
25.9.2025,אוק׳.25,סטימצקי שווק אינטרנט-גמא,,27,הוצאה,מוזיקה וספרים,FALSE,MAX 4398
24.10.2025,נוב׳.25,סטימצקי שווק אינטרנט-גמא,,27,הוצאה,מוזיקה וספרים,FALSE,MAX 4398
3.12.2025,דצמ׳.25,ריבר רמבמ חיפה,,27,הוצאה,אוכלים בחוץ,FALSE,CAL 8973
19.5.2025,יוני.25,סופר פארם קניון מודיעין 153,,27.1,הוצאה,חנויות פארם ובתי מרקחת,FALSE,CAL 8973
5.9.2025,ספט׳.25,פיצוחי מורנו,,27.4,הוצאה,"מזון, סופר ומכולת",FALSE,CAL 8973
15.5.2025,יוני.25,פיצוחי מורנו,,27.6,הוצאה,"מזון, סופר ומכולת",FALSE,CAL 8973
27.6.2025,יולי.25,קואופ מודיעין קייזר,,27.7,הוצאה,"מזון, סופר ומכולת",FALSE,MAX 4398
2.11.2025,נוב׳.25,נפלאות הקמח,,27.73,הוצאה,"מזון, סופר ומכולת",FALSE,CAL 8973
29.10.2025,נוב׳.25,פז אפליקצית-YELLOW,,27.9,הוצאה,אוכלים בחוץ,FALSE,MAX 4398
15.11.2025,דצמ׳.25,ליאור עדיקה - סניף מודיעי,,27.9,הוצאה,חנויות פארם ובתי מרקחת,FALSE,MAX 4398
13.3.2025,אפר׳.25,פנגו-חניונים,,28,הוצאה,חניה,FALSE,MAX 4398
6.7.2025,יולי.25,מאפיית טלר מבשרת,,28,הוצאה,"מזון, סופר ומכולת",FALSE,CAL 8973
9.7.2025,יולי.25,בליקר בייקרי מודיעין,,28,הוצאה,אוכלים בחוץ,FALSE,CAL 8973
21.9.2025,אוק׳.25,דניאל קטיף בוטיק בע''מ,,28,הוצאה,"מזון, סופר ומכולת",FALSE,CAL 8973
12.12.2025,ינו׳.26,פיצוחי מורנו,,28.4,הוצאה,"מזון, סופר ומכולת",FALSE,CAL 8973
1.8.2025,אוג׳.25,המאפה של אודטה,,28.5,הוצאה,"מזון, סופר ומכולת",FALSE,MAX 4398
13.3.2026,אפר׳.26,סונול בית חורון,,28.9,הוצאה,אוכלים בחוץ - עמית,FALSE,MAX 7495
31.5.2025,יוני.25,הייטקזון - מתנות ואתר,,29,הוצאה,אוכלים בחוץ,FALSE,CAL 8973
9.5.2026,מאי.26,16PERSONALITIES.COM,,29,הוצאה,יעוץ אנשי מקצוע - משפחה,FALSE,MAX 4398
27.11.2025,דצמ׳.25,פנגו חשבונית חודשית,,29.27,הוצאה,חניה,FALSE,MAX 4398
9.12.2025,דצמ׳.25,סופר פארם מודיעין ישפרו סנטר 125,,29.7,הוצאה,חנויות פארם ובתי מרקחת,FALSE,CAL 8973
27.7.2025,אוג׳.25,CELLO,,29.8,הוצאה,חניה,FALSE,MAX 4398
11.6.2025,יולי.25,APPLE.COM/BILL         ITUNES.COM    IRL,,29.9,הוצאה,"תקשורת, טלויזיה ואינטרנט",FALSE,MAX 4398
26.6.2025,יולי.25,פנגו-חניונים,,30,הוצאה,חניה,FALSE,MAX 4398
13.9.2025,אוק׳.25,פנגו-חניונים,,30,הוצאה,חניה,FALSE,MAX 4398
9.12.2025,דצמ׳.25,תמנון מודיעין-גמא,,30,הוצאה,"בגדים, נעליים ואביזרים",FALSE,CAL 8973
25.12.2025,ינו׳.26,ליברה עסקות ביטוח,,30,הוצאה,ביטוח רכב,TRUE,MAX 4398
26.12.2025,ינו׳.26,ליברה עסקות ביטוח,,30,הוצאה,ביטוח רכב,TRUE,MAX 4398
4.1.2026,ינו׳.26,"שיבא משק וחניה בע""מ",,30,הוצאה,חניה,FALSE,CAL 8973
9.1.2026,ינו׳.26,ליברה עסקות ביטוח,,30,הוצאה,ביטוח רכב,TRUE,MAX 4398
2.5.2025,מאי.25,פיצוחי מורנו,,30.7,הוצאה,"מזון, סופר ומכולת",FALSE,MAX 4398
24.7.2025,אוג׳.25,מיכליס,,31,הוצאה,אוכלים בחוץ,FALSE,CAL 8973
21.9.2025,אוק׳.25,"נוי השדה הדס שוק צפון בע""",,31.08,הוצאה,"מזון, סופר ומכולת",FALSE,CAL 8973
22.4.2025,מאי.25,לב השדה,,31.5,הוצאה,"מזון, סופר ומכולת",FALSE,CAL 8973
31.3.2025,אפר׳.25,"רב בריח איתור לוויני בע""מ",,32,הוצאה,רכב - שונות,FALSE,MAX 4398
14.5.2025,יוני.25,"רב בריח איתור לוויני בע""מ",,32,הוצאה,רכב - שונות,FALSE,MAX 4398
29.5.2025,יוני.25,"רב בריח איתור לוויני בע""מ",,32,הוצאה,רכב - שונות,FALSE,MAX 4398
30.6.2025,יולי.25,"רב בריח איתור לוויני בע""מ",,32,הוצאה,רכב - שונות,FALSE,MAX 4398
31.7.2025,אוג׳.25,"רב בריח איתור לוויני בע""מ",,32,הוצאה,רכב - שונות,FALSE,MAX 4398
7.8.2025,אוג׳.25,פלסטיק שופ,,32,הוצאה,"מזון, סופר ומכולת",FALSE,CAL 8973
31.8.2025,ספט׳.25,"רב בריח איתור לוויני בע""מ",,32,הוצאה,רכב - שונות,FALSE,MAX 4398
30.9.2025,אוק׳.25,"רב בריח איתור לוויני בע""מ",,32,הוצאה,רכב - שונות,FALSE,MAX 4398
28.10.2025,נוב׳.25,מזנון איצטדיון סמי עופר ח,,32,הוצאה,אוכלים בחוץ - עמית,FALSE,MAX 7495
30.10.2025,נוב׳.25,"רב בריח איתור לוויני בע""מ",,32,הוצאה,רכב - שונות,FALSE,MAX 4398
30.11.2025,דצמ׳.25,"רב בריח איתור לוויני בע""מ",,32,הוצאה,רכב - שונות,FALSE,MAX 4398
30.12.2025,ינו׳.26,"רב בריח איתור לוויני בע""מ",,32,הוצאה,רכב - שונות,FALSE,MAX 4398
29.1.2026,פבר׳.26,"רב בריח איתור לוויני בע""מ",,32,הוצאה,רכב - שונות,FALSE,MAX 4398
26.2.2026,מרץ.26,"רב בריח איתור לוויני בע""מ",,32,הוצאה,רכב - שונות,FALSE,MAX 4398
26.3.2025,אפר׳.25,ALIEXPRESS             LUXEMBOURG    LUX,,32.34,הוצאה,קניות לבית - שונות,FALSE,MAX 4398
13.11.2025,דצמ׳.25,לב השדה,,32.41,הוצאה,"מזון, סופר ומכולת",FALSE,CAL 8973
25.3.2026,אפר׳.26,מ.תחבורה - פנגו מוביט,,32.5,הוצאה,תחבורה ציבורית,FALSE,MAX 4398
26.6.2025,יולי.25,"יוניברס מודיעין, ישפרו סנ",,32.8,הוצאה,"מזון, סופר ומכולת",FALSE,MAX 4398
2.4.2025,אפר׳.25,NETFLIX.COM,,32.9,הוצאה,"תקשורת, טלויזיה ואינטרנט",FALSE,CAL 4015
2.4.2025,אפר׳.25,NETFLIX.COM,,32.9,הוצאה,"תקשורת, טלויזיה ואינטרנט",FALSE,CAL 4015
1.5.2025,מאי.25,NETFLIX.COM            408-724-9160  NLD,,32.9,הוצאה,"תקשורת, טלויזיה ואינטרנט",FALSE,MAX 4398
2.6.2025,יוני.25,NETFLIX.COM            AMSTERDAM     NLD,,32.9,הוצאה,"תקשורת, טלויזיה ואינטרנט",FALSE,MAX 4398
2.7.2025,יולי.25,NETFLIX.COM            LOS GATOS     NLD,,32.9,הוצאה,"תקשורת, טלויזיה ואינטרנט",FALSE,MAX 4398
2.8.2025,אוג׳.25,NETFLIX.COM            LOS GATOS     NLD,,32.9,הוצאה,"תקשורת, טלויזיה ואינטרנט",FALSE,MAX 4398
2.9.2025,ספט׳.25,NETFLIX.COM            LOS GATOS     NLD,,32.9,הוצאה,"תקשורת, טלויזיה ואינטרנט",FALSE,MAX 4398
2.10.2025,אוק׳.25,NETFLIX.COM            408-724-9160  NLD,,32.9,הוצאה,"תקשורת, טלויזיה ואינטרנט",FALSE,MAX 4398
2.11.2025,נוב׳.25,NETFLIX.COM            AMSTERDAM     NLD,,32.9,הוצאה,"תקשורת, טלויזיה ואינטרנט",FALSE,MAX 4398
2.12.2025,דצמ׳.25,NETFLIX.COM            AMSTERDAM     NLD,,32.9,הוצאה,"תקשורת, טלויזיה ואינטרנט",FALSE,MAX 4398
2.1.2026,ינו׳.26,NETFLIX.COM            AMSTERDAM     NLD,,32.9,הוצאה,"תקשורת, טלויזיה ואינטרנט",FALSE,MAX 4398
2.2.2026,פבר׳.26,NETFLIX.COM            LOS GATOS     NLD,,32.9,הוצאה,"תקשורת, טלויזיה ואינטרנט",FALSE,MAX 4398
2.3.2026,מרץ.26,NETFLIX.COM            LOS GATOS     NLD,,32.9,הוצאה,"תקשורת, טלויזיה ואינטרנט",FALSE,MAX 4398
2.4.2026,אפר׳.26,NETFLIX.COM            AMSTERDAM     NLD,,32.9,הוצאה,"תקשורת, טלויזיה ואינטרנט",FALSE,MAX 4398
2.5.2026,מאי.26,NETFLIX.COM AMSTERDAM,,32.9,הוצאה,"תקשורת, טלויזיה ואינטרנט",FALSE,MAX 4398
26.11.2025,דצמ׳.25,USCUSTOMS ESTA APPL PM INDIANAPOLIS  USA,,32.96,הוצאה,חופשות וטיולים,FALSE,MAX 4398
10.5.2025,יוני.25,פז אפליקצית-YELLOW,,33,הוצאה,אוכלים בחוץ,FALSE,MAX 4398
19.4.2026,מאי.26,לינוי לאה- מאפה מבורך,,33,הוצאה,אוכלים בחוץ - עמית,FALSE,MAX 7495
27.5.2025,יוני.25,פנגו חשבונית חודשית,,33.22,הוצאה,חניה,FALSE,MAX 4398
6.10.2025,אוק׳.25,"נוי השדה הדס שוק צפון בע""",,33.55,הוצאה,"מזון, סופר ומכולת",FALSE,CAL 8973
9.12.2025,דצמ׳.25,אייץ' אנד או מודיעין,,33.76,הוצאה,"בגדים, נעליים ואביזרים",FALSE,CAL 8973
22.6.2025,יולי.25,סופר פארם מודיעין שמשוני 101,,34,הוצאה,חנויות פארם ובתי מרקחת,FALSE,CAL 8973
19.8.2025,ספט׳.25,מכבידנט מודיעין עילית,,34,הוצאה,רפואת שיניים,FALSE,CAL 8973
3.9.2025,ספט׳.25,פז אפליקצית-YELLOW,,34,הוצאה,אוכלים בחוץ,FALSE,MAX 4398
19.9.2025,אוק׳.25,המאפה של אודטה,,34,הוצאה,"מזון, סופר ומכולת",FALSE,MAX 4398
3.12.2025,דצמ׳.25,קפה פלפלת,,34,הוצאה,אוכלים בחוץ,FALSE,CAL 8973
18.4.2026,מאי.26,בל פתאל מרקטינג שותפות מו,,34.78,הוצאה,"מזון, סופר ומכולת",FALSE,CAL 8973
29.10.2025,נוב׳.25,דלק קמעונאות  בת שלמה,,34.9,הוצאה,אוכלים בחוץ - עמית,FALSE,MAX 7495
21.4.2025,מאי.25,בליקר בייקרי מודיעין,,35,הוצאה,אוכלים בחוץ,FALSE,CAL 8973
1.12.2025,דצמ׳.25,סי קפה דבירה- יציל,,35,הוצאה,אוכלים בחוץ - עמית,FALSE,MAX 7495
23.2.2026,מרץ.26,ביגה ראשונים,,35,הוצאה,אוכלים בחוץ,FALSE,CAL 8973
30.3.2026,אפר׳.26,"רב בריח איתור לוויני בע""מ",,35,הוצאה,רכב - שונות,FALSE,MAX 4398
30.4.2026,מאי.26,"רב בריח איתור לוויני בע""מ",,35,הוצאה,רכב - שונות,FALSE,MAX 4398
17.3.2025,אפר׳.25,לב השדה,,35.3,הוצאה,"מזון, סופר ומכולת",FALSE,CAL 8973
24.7.2025,אוג׳.25,לב השדה,,35.64,הוצאה,"מזון, סופר ומכולת",FALSE,CAL 8973
23.3.2025,אפר׳.25,SPOTIFYIL              STOCKHOLM     SWE,,35.9,הוצאה,מוזיקה וספרים,FALSE,MAX 7495
23.4.2025,מאי.25,SPOTIFYIL              STOCKHOLM     SWE,,35.9,הוצאה,מוזיקה וספרים,FALSE,MAX 7495
6.5.2025,מאי.25,"מינימרקט קייזר בע""מ",,35.9,הוצאה,"מזון, סופר ומכולת",FALSE,CAL 8973
23.5.2025,יוני.25,SPOTIFYIL              STOCKHOLM     SWE,,35.9,הוצאה,מוזיקה וספרים,FALSE,MAX 7495
23.6.2025,יולי.25,SPOTIFYIL              STOCKHOLM     SWE,,35.9,הוצאה,מוזיקה וספרים,FALSE,MAX 7495
23.7.2025,אוג׳.25,SPOTIFYIL              STOCKHOLM     SWE,,35.9,הוצאה,מוזיקה וספרים,FALSE,MAX 7495
23.8.2025,ספט׳.25,SPOTIFYIL              STOCKHOLM     SWE,,35.9,הוצאה,מוזיקה וספרים,FALSE,MAX 7495
26.3.2025,אפר׳.25,עמותת עלם,,36,הוצאה,תרומות,FALSE,CAL 4015
2.4.2025,אפר׳.25,"נבט , סנדוויץ' לכל ילד",,36,הוצאה,תרומות,FALSE,CAL 4015
2.4.2025,אפר׳.25,עמותת משאלת לב,,36,הוצאה,תרומות,FALSE,CAL 4015
26.4.2025,מאי.25,עמותת עלם,,36,הוצאה,תרומות,FALSE,CAL 4015
2.5.2025,מאי.25,"נבט , סנדוויץ' לכל ילד",,36,הוצאה,תרומות,FALSE,CAL 4015
2.5.2025,מאי.25,עמותת משאלת לב,,36,הוצאה,תרומות,FALSE,CAL 4015
13.5.2025,יוני.25,סברס פרי ישראלי,,36,הוצאה,"מזון, סופר ומכולת",FALSE,CAL 8973
26.5.2025,יוני.25,עמותת עלם,,36,הוצאה,תרומות,FALSE,CAL 4015
29.5.2025,יוני.25,"ענמ מסעדות בע""מ",,36,הוצאה,אוכלים בחוץ - עמית,FALSE,MAX 7495
2.6.2025,יוני.25,"נבט , סנדוויץ' לכל ילד",,36,הוצאה,תרומות,FALSE,CAL 4015
2.6.2025,יוני.25,עמותת משאלת לב,,36,הוצאה,תרומות,FALSE,CAL 4015
26.6.2025,יולי.25,עמותת עלם,,36,הוצאה,תרומות,FALSE,CAL 4015
2.7.2025,יולי.25,"נבט , סנדוויץ' לכל ילד",,36,הוצאה,תרומות,FALSE,CAL 4015
2.7.2025,יולי.25,עמותת משאלת לב,,36,הוצאה,תרומות,FALSE,CAL 4015
26.7.2025,אוג׳.25,עמותת עלם,,36,הוצאה,תרומות,FALSE,CAL 4015
2.8.2025,אוג׳.25,"נבט , סנדוויץ' לכל ילד",,36,הוצאה,תרומות,FALSE,CAL 4015
2.8.2025,אוג׳.25,עמותת משאלת לב,,36,הוצאה,תרומות,FALSE,CAL 4015
26.8.2025,ספט׳.25,עמותת עלם,,36,הוצאה,תרומות,FALSE,CAL 4015
2.9.2025,ספט׳.25,"נבט , סנדוויץ' לכל ילד",,36,הוצאה,תרומות,FALSE,CAL 4015
2.9.2025,ספט׳.25,עמותת משאלת לב,,36,הוצאה,תרומות,FALSE,CAL 4015
26.9.2025,אוק׳.25,עמותת עלם,,36,הוצאה,תרומות,FALSE,CAL 4015
2.10.2025,אוק׳.25,"נבט , סנדוויץ' לכל ילד",,36,הוצאה,תרומות,FALSE,CAL 4015
2.10.2025,אוק׳.25,עמותת משאלת לב,,36,הוצאה,תרומות,FALSE,CAL 4015
26.10.2025,נוב׳.25,עמותת עלם,,36,הוצאה,תרומות,FALSE,CAL 4015
2.11.2025,נוב׳.25,"נבט , סנדוויץ' לכל ילד",,36,הוצאה,תרומות,FALSE,CAL 4015
2.11.2025,נוב׳.25,עמותת משאלת לב,,36,הוצאה,תרומות,FALSE,CAL 4015
26.11.2025,דצמ׳.25,עמותת עלם,,36,הוצאה,תרומות,FALSE,CAL 4015
2.12.2025,דצמ׳.25,"נבט , סנדוויץ' לכל ילד",,36,הוצאה,תרומות,FALSE,CAL 4015
2.12.2025,דצמ׳.25,עמותת משאלת לב,,36,הוצאה,תרומות,FALSE,CAL 4015
26.12.2025,ינו׳.26,עמותת עלם,,36,הוצאה,תרומות,FALSE,CAL 4015
2.1.2026,ינו׳.26,"נבט , סנדוויץ' לכל ילד",,36,הוצאה,תרומות,FALSE,CAL 4015
2.1.2026,ינו׳.26,עמותת משאלת לב,,36,הוצאה,תרומות,FALSE,CAL 4015
26.1.2026,פבר׳.26,עמותת עלם,,36,הוצאה,תרומות,FALSE,CAL 4015
2.2.2026,פבר׳.26,"נבט , סנדוויץ' לכל ילד",,36,הוצאה,תרומות,FALSE,CAL 4015
2.2.2026,פבר׳.26,עמותת משאלת לב,,36,הוצאה,תרומות,FALSE,CAL 4015
8.2.2026,פבר׳.26,מיכליס,,36,הוצאה,אוכלים בחוץ,FALSE,CAL 8973
26.2.2026,מרץ.26,עמותת עלם,,36,הוצאה,תרומות,FALSE,CAL 4015
2.3.2026,מרץ.26,"נבט , סנדוויץ' לכל ילד",,36,הוצאה,תרומות,FALSE,CAL 4015
2.3.2026,מרץ.26,עמותת משאלת לב,,36,הוצאה,תרומות,FALSE,CAL 4015
26.3.2026,אפר׳.26,עמותת עלם,,36,הוצאה,תרומות,FALSE,CAL 4015
2.4.2026,אפר׳.26,עמותת משאלת לב,,36,הוצאה,תרומות,FALSE,CAL 4015
26.4.2026,מאי.26,עמותת עלם,,36,הוצאה,תרומות,FALSE,CAL 4015
2.5.2026,מאי.26,עמותת משאלת לב,,36,הוצאה,תרומות,FALSE,CAL 4015
29.11.2025,דצמ׳.25,אלמה מרקט  מודיעין,,36.08,הוצאה,"מזון, סופר ומכולת",FALSE,MAX 7495
14.9.2025,אוק׳.25,סופר פארם מודיעין ישפרו סנטר 125,,36.9,הוצאה,חנויות פארם ובתי מרקחת,FALSE,CAL 8973
10.12.2025,ינו׳.26,פיצוחי מורנו,,36.9,הוצאה,"מזון, סופר ומכולת",FALSE,CAL 8973
15.3.2025,אפר׳.25,בריין בינה בעמ,,37,הוצאה,בינה מלאכותית,FALSE,MAX 4398
7.4.2025,אפר׳.25,פנגו-חניונים,,37,הוצאה,חניה,FALSE,MAX 4398
24.4.2025,מאי.25,בריין בינה בעמ,,37,הוצאה,בינה מלאכותית,FALSE,MAX 4398
18.5.2025,יוני.25,בריין בינה בעמ,,37,הוצאה,בינה מלאכותית,FALSE,MAX 4398
18.6.2025,יולי.25,בריין בינה בעמ,,37,הוצאה,בינה מלאכותית,FALSE,MAX 4398
18.7.2025,אוג׳.25,בריין בינה בעמ,,37,הוצאה,בינה מלאכותית,FALSE,MAX 4398
18.8.2025,ספט׳.25,בריין בינה בעמ,,37,הוצאה,בינה מלאכותית,FALSE,MAX 4398
18.9.2025,אוק׳.25,בריין בינה בעמ,,37,הוצאה,בינה מלאכותית,FALSE,MAX 4398
18.10.2025,נוב׳.25,בריין בינה בעמ,,37,הוצאה,בינה מלאכותית,FALSE,MAX 4398
18.11.2025,דצמ׳.25,בריין בינה בעמ,,37,הוצאה,בינה מלאכותית,FALSE,MAX 4398
18.12.2025,ינו׳.26,בריין בינה בעמ,,37,הוצאה,בינה מלאכותית,FALSE,MAX 4398
18.1.2026,פבר׳.26,בריין בינה בעמ,,37,הוצאה,בינה מלאכותית,FALSE,MAX 4398
18.2.2026,מרץ.26,בריין בינה בעמ,,37,הוצאה,בינה מלאכותית,FALSE,MAX 4398
18.3.2026,אפר׳.26,בריין בינה בעמ,,37,הוצאה,בינה מלאכותית,FALSE,MAX 4398
18.4.2026,מאי.26,בריין בינה בעמ,,37,הוצאה,בינה מלאכותית,FALSE,MAX 4398
11.1.2026,פבר׳.26,מייזון קייזר מידטאון טאבי,,38,הוצאה,"מזון, סופר ומכולת",FALSE,MAX 4398
26.2.2026,מרץ.26,בליקר בייקרי מודיעין,,38,הוצאה,אוכלים בחוץ,FALSE,CAL 8973
3.4.2026,אפר׳.26,GAMMA.APP              SAN FRANCISCO USA,,38.36,הוצאה,בינה מלאכותית,FALSE,MAX 4398
7.9.2025,ספט׳.25,פינוקים מודיעין,,38.6,הוצאה,"מזון, סופר ומכולת",FALSE,MAX 4398
30.4.2025,מאי.25,לב השדה,,38.7,הוצאה,"מזון, סופר ומכולת",FALSE,CAL 8973
29.3.2025,אפר׳.25,סופר פארם קניון מודיעין 3,,39,הוצאה,חנויות פארם ובתי מרקחת,FALSE,MAX 4398
30.6.2025,יולי.25,"פנגו- חניוני ימית הו""ק",,39,הוצאה,חניה,FALSE,MAX 4398
5.10.2025,אוק׳.25,ALLJOBS אול יו ניד -,,39,הוצאה,יעוץ אנשי מקצוע - משפחה,FALSE,MAX 4398
20.11.2025,דצמ׳.25,ש.ר קוסמטיקה-צמרת,,39,הוצאה,בריאות וטיפוח - אחר,FALSE,CAL 8973
25.12.2025,ינו׳.26,ESIMO                  LIMASSOL      CYP,,39.57,הוצאה,חופשות וטיולים,FALSE,MAX 4398
30.4.2025,מאי.25,קואופ מודיעין קייזר,,39.62,הוצאה,"מזון, סופר ומכולת",FALSE,CAL 8973
9.7.2025,יולי.25,לב השדה,,39.65,הוצאה,"מזון, סופר ומכולת",FALSE,CAL 8973
28.12.2025,ינו׳.26,"מינימרקט קייזר בע""מ",,39.7,הוצאה,"מזון, סופר ומכולת",FALSE,MAX 4398
4.4.2025,אפר׳.25,פוט לוקר גן שמואל,,39.8,הוצאה,"בגדים, נעליים ואביזרים",FALSE,MAX 4398
9.5.2025,מאי.25,בי דראגסטורס מודיעין,,39.9,הוצאה,חנויות פארם ובתי מרקחת,FALSE,CAL 8973
19.3.2025,אפר׳.25,ALIEXPRESS             LUXEMBOURG    LUX,,39.93,הוצאה,קניות לבית - שונות,FALSE,MAX 4398
7.4.2025,אפר׳.25,פלסטיק שופ,,40,הוצאה,"מזון, סופר ומכולת",FALSE,CAL 8973
13.4.2025,מאי.25,קפה 443,,40,הוצאה,אוכלים בחוץ,FALSE,CAL 8973
4.7.2025,יולי.25,איטל אופטויק מודיעין,,40,הוצאה,עיניים ואופטיקה,FALSE,MAX 4398
15.8.2025,ספט׳.25,אורלי בר,,40,הוצאה,"מזון, סופר ומכולת",FALSE,BIT
10.11.2025,דצמ׳.25,פנגו-חניונים,,40,הוצאה,חניה,FALSE,MAX 4398
14.11.2025,דצמ׳.25,APPLE.COM/BILL         CORK          IRL,,40,הוצאה,"תקשורת, טלויזיה ואינטרנט",FALSE,MAX 4398
1.3.2026,מרץ.26,האיגוד הישראלי לייעוץ  תע,,40,הוצאה,קורסים והרצאות,FALSE,MAX 4398
11.4.2026,מאי.26,נונו מימי מודיעין,,40,הוצאה,אוכלים בחוץ - עמית,FALSE,MAX 7495
6.5.2025,מאי.25,סופר פארם קניון מודיעין 153,,40.2,הוצאה,חנויות פארם ובתי מרקחת,FALSE,CAL 8973
27.6.2025,יולי.25,בי דראגסטורס עזריאלי מודי,,40.4,הוצאה,חנויות פארם ובתי מרקחת,FALSE,MAX 4398
18.8.2025,ספט׳.25,"נוי השדה הדס שוק צפון בע""",,40.81,הוצאה,"מזון, סופר ומכולת",FALSE,CAL 8973
27.7.2025,אוג׳.25,פנגו חשבונית חודשית,,40.92,הוצאה,חניה,FALSE,MAX 4398
15.3.2025,אפר׳.25,בי דראגסטורס עזריאלי מודי,,41.4,הוצאה,חנויות פארם ובתי מרקחת,FALSE,MAX 4398
4.7.2025,יולי.25,פיצוחי מורנו,,41.9,הוצאה,"מזון, סופר ומכולת",FALSE,CAL 8973
9.9.2025,ספט׳.25,הייטקזון - מתנות ואתר,,42,הוצאה,אוכלים בחוץ,FALSE,CAL 8973
5.10.2025,אוק׳.25,פעמית סטור מודיעין,,42.4,הוצאה,"מזון, סופר ומכולת",FALSE,MAX 4398
22.5.2025,יוני.25,קפית מודיעין,,42.56,הוצאה,אוכלים בחוץ,FALSE,CAL 8973
9.10.2025,אוק׳.25,"מינימרקט קייזר בע""מ",,42.7,הוצאה,"מזון, סופר ומכולת",FALSE,MAX 4398
12.10.2025,נוב׳.25,"רשת כוורת בצה""ל",,42.8,הוצאה,ציוד צבאי,FALSE,MAX 4398
18.10.2025,נוב׳.25,פז YELLOW שער -,,42.8,הוצאה,אוכלים בחוץ - עמית,FALSE,MAX 7495
12.1.2026,פבר׳.26,סופר פארם מודיעין ישפרו סנטר 125,,42.8,הוצאה,חנויות פארם ובתי מרקחת,FALSE,CAL 8973
20.4.2026,מאי.26,פז אפליקצית- YELLOW,,42.85,הוצאה,דלק וטעינה,FALSE,MAX 4398
16.10.2025,נוב׳.25,APPLE.COM/BILL         ITUNES.COM    IRL,,42.9,הוצאה,"תקשורת, טלויזיה ואינטרנט",FALSE,MAX 4398
14.7.2025,אוג׳.25,MICROSOFT*STORE        MSBILL.INFO   IRL,,43,הוצאה,"תקשורת, טלויזיה ואינטרנט",FALSE,MAX 4398
14.8.2025,ספט׳.25,MICROSOFT*MICROSOFT 36 MSBILL.INFO   IRL,,43,הוצאה,"תקשורת, טלויזיה ואינטרנט",FALSE,MAX 4398
14.9.2025,אוק׳.25,MICROSOFT*MICROSOFT 36 MSBILL.INFO   IRL,,43,הוצאה,"תקשורת, טלויזיה ואינטרנט",FALSE,MAX 4398
14.10.2025,נוב׳.25,MICROSOFT*MICROSOFT 36 MSBILL.INFO   IRL,,43,הוצאה,"תקשורת, טלויזיה ואינטרנט",FALSE,MAX 4398
14.11.2025,דצמ׳.25,MICROSOFT*MICROSOFT 36 MSBILL.INFO   IRL,,43,הוצאה,"תקשורת, טלויזיה ואינטרנט",FALSE,MAX 4398
14.12.2025,ינו׳.26,MICROSOFT*MICROSOFT 36 MSBILL.INFO   IRL,,43,הוצאה,"תקשורת, טלויזיה ואינטרנט",FALSE,MAX 4398
14.1.2026,פבר׳.26,MICROSOFT*MICROSOFT 36 MSBILL.INFO   IRL,,43,הוצאה,"תקשורת, טלויזיה ואינטרנט",FALSE,MAX 4398
14.2.2026,מרץ.26,MICROSOFT*MICROSOFT 36 DUBLIN        IRL,,43,הוצאה,"תקשורת, טלויזיה ואינטרנט",FALSE,MAX 4398
14.3.2026,אפר׳.26,MICROSOFT*MICROSOFT 36 MSBILL.INFO   IRL,,43,הוצאה,"תקשורת, טלויזיה ואינטרנט",FALSE,MAX 4398
14.4.2026,מאי.26,MICROSOFT 36,,43,הוצאה,"תקשורת, טלויזיה ואינטרנט",FALSE,MAX 4398
28.7.2025,אוג׳.25,"מינימרקט קייזר בע""מ",,43.08,הוצאה,"מזון, סופר ומכולת",FALSE,CAL 8973
24.4.2026,מאי.26,סונול סמדר,,43.3,הוצאה,אוכלים בחוץ - עמית,FALSE,MAX 7495
16.4.2026,מאי.26,לב השדה,,43.74,הוצאה,"מזון, סופר ומכולת",FALSE,CAL 8973
11.9.2025,אוק׳.25,פיצוחי מורנו,,43.8,הוצאה,"מזון, סופר ומכולת",FALSE,CAL 8973
30.4.2025,מאי.25,פלסטיק שופ,,43.9,הוצאה,"מזון, סופר ומכולת",FALSE,CAL 8973
23.9.2025,אוק׳.25,SPOTIFYIL              STOCKHOLM     SWE,,43.9,הוצאה,מוזיקה וספרים,FALSE,MAX 7495
23.10.2025,נוב׳.25,SPOTIFYIL              STOCKHOLM     SWE,,43.9,הוצאה,מוזיקה וספרים,FALSE,MAX 7495
23.11.2025,דצמ׳.25,SPOTIFY P3CB12DF3C     STOCKHOLM     SWE,,43.9,הוצאה,מוזיקה וספרים,FALSE,MAX 7495
23.12.2025,ינו׳.26,SPOTIFY P3DB57E60D     STOCKHOLM     SWE,,43.9,הוצאה,מוזיקה וספרים,FALSE,MAX 7495
23.1.2026,פבר׳.26,SPOTIFY P3EA878876     STOCKHOLM     SWE,,43.9,הוצאה,מוזיקה וספרים,FALSE,MAX 7495
23.2.2026,מרץ.26,SPOTIFY P3FA26AA70     STOCKHOLM     SWE,,43.9,הוצאה,מוזיקה וספרים,FALSE,MAX 7495
23.3.2026,אפר׳.26,SPOTIFY P40AE25DCB     STOCKHOLM     SWE,,43.9,הוצאה,מוזיקה וספרים,FALSE,MAX 7495
23.4.2026,מאי.26,SPOTIFY STOCKHOLM,,43.9,הוצאה,מוזיקה וספרים,FALSE,MAX 7495
21.9.2025,אוק׳.25,תבליני נעמה,,44,הוצאה,"מזון, סופר ומכולת",FALSE,CAL 8973
19.11.2025,דצמ׳.25,פנגו-חניונים,,44,הוצאה,חניה,FALSE,MAX 4398
7.9.2025,ספט׳.25,קואופ מודיעין קייזר,,44.7,הוצאה,"מזון, סופר ומכולת",FALSE,MAX 4398
29.1.2026,פבר׳.26,"קשטן דאלי בע""מ",,44.7,הוצאה,"מזון, סופר ומכולת",FALSE,CAL 8973
12.1.2026,פבר׳.26,בי דראגסטורס מודיעין,,44.9,הוצאה,חנויות פארם ובתי מרקחת,FALSE,CAL 8973
14.8.2025,ספט׳.25,עופר פלאפל בעמ,,45,הוצאה,אוכלים בחוץ,FALSE,CAL 8973
21.4.2026,מאי.26,CANVA AUSTIN,,45.49,הוצאה,בינה מלאכותית,FALSE,MAX 4398
13.5.2025,יוני.25,ביג דיל,,45.8,הוצאה,"מזון, סופר ומכולת",FALSE,CAL 8973
15.7.2025,אוג׳.25,אלף - אוכל,,46,הוצאה,"מזון, סופר ומכולת",FALSE,CAL 8973
23.7.2025,אוג׳.25,קיטשן גרג סנטר,,46,הוצאה,אוכלים בחוץ,FALSE,CAL 8973
16.6.2025,יולי.25,"מינימרקט קייזר בע""מ",,46.4,הוצאה,"מזון, סופר ומכולת",FALSE,MAX 4398
8.12.2025,דצמ׳.25,BASE44                 NEW YORK      USA,,46.53,הוצאה,בינה מלאכותית,FALSE,MAX 4398
4.6.2025,יוני.25,"אלקטרה פאוור סופרגז בע""מ",,46.75,הוצאה,גז,FALSE,MAX 7495
19.6.2025,יולי.25,סופר פארם מודיעין שמשוני 101,,46.8,הוצאה,חנויות פארם ובתי מרקחת,FALSE,CAL 8973
31.1.2026,פבר׳.26,CANVA* I04778-40952653 CAMDEN        USA,,46.98,הוצאה,בינה מלאכותית,FALSE,MAX 4398
27.8.2025,ספט׳.25,"ארומה בסר בע""מ",,47,הוצאה,אוכלים בחוץ,FALSE,CAL 8973
30.3.2026,אפר׳.26,לב השדה,,47.02,הוצאה,"מזון, סופר ומכולת",FALSE,CAL 8973
10.9.2025,אוק׳.25,פיצוחי מורנו,,47.3,הוצאה,"מזון, סופר ומכולת",FALSE,CAL 8973
26.5.2025,יוני.25,מ.תחבורה - פנגו מוביט,,47.5,הוצאה,תחבורה ציבורית,FALSE,MAX 4398
27.5.2025,יוני.25,מקדונלדס- ישפרו מודיעין,,48,הוצאה,אוכלים בחוץ - עמית,FALSE,MAX 7495
17.7.2025,אוג׳.25,מקדונלדס בית הכרם,,48,הוצאה,אוכלים בחוץ - עמית,FALSE,MAX 7495
24.12.2025,ינו׳.26,קפה קפה - מחלף נתניה,,48,הוצאה,אוכלים בחוץ,FALSE,CAL 8973
19.3.2026,אפר׳.26,בליקר בייקרי מודיעין,,48,הוצאה,אוכלים בחוץ,FALSE,CAL 8973
10.8.2025,ספט׳.25,בי דראגסטורס תרופות,,48.11,הוצאה,חנויות פארם ובתי מרקחת,FALSE,CAL 8973
3.9.2025,ספט׳.25,קואופ מודיעין קייזר,,48.6,הוצאה,"מזון, סופר ומכולת",FALSE,MAX 4398
23.10.2025,נוב׳.25,י.י מנעולים,,48.75,הוצאה,אחזקת בית ותיקונים,FALSE,CAL 8973
17.12.2025,ינו׳.26,CANVA* I04733-31148904 CAMDEN        USA,,48.75,הוצאה,בינה מלאכותית,FALSE,MAX 4398
19.2.2026,מרץ.26,"ניצת הדובדבן ראשל""צ מערב",,48.9,הוצאה,"מזון, סופר ומכולת",FALSE,CAL 8973
20.7.2025,אוג׳.25,עברית חנות ספרים 2020,,49,הוצאה,מוזיקה וספרים,FALSE,CAL 8973
8.6.2025,יוני.25,לב השדה,,49.56,הוצאה,"מזון, סופר ומכולת",FALSE,CAL 8973
23.1.2025,פבר׳.25,עם הילה רובין,,50,הוצאה,אוכלים בחוץ,FALSE,BIT
2.3.2025,מרץ.25,בית העסק באמצעות Grow,,50,הוצאה,תרומות,FALSE,BIT
29.5.2025,יוני.25,א.ב.י שטיפת רכב בע''מ,,50,הוצאה,רכב - שונות,FALSE,MAX 4398
8.9.2025,ספט׳.25,אח בוגר אחות בוגרת ישראל,,50,הוצאה,תרומות,FALSE,MAX 4398
4.10.2025,אוק׳.25,"שינוי מתוך גדילה  בע""מ",,50,הוצאה,קורסים והרצאות,FALSE,MAX 4398
28.10.2025,נוב׳.25,ועד כיתה יא 8 איתמריה,,50,הוצאה,בית ספר,FALSE,Paybox
19.1.2026,פבר׳.26,UPAPP,,50,הוצאה,כושר,FALSE,MAX 4398
10.2.2026,מרץ.26,שבילים- הדרך ללמוד,,50,הוצאה,קורסים והרצאות,FALSE,MAX 4398
10.2.2026,מרץ.26,בית העסק באמצעות Grow,,50,הוצאה,תרומות,FALSE,BIT
31.8.2025,ספט׳.25,"מינימרקט קייזר בע""מ",,50.1,הוצאה,"מזון, סופר ומכולת",FALSE,MAX 4398
5.10.2025,אוק׳.25,"אלקטרה פאוור סופרגז בע""מ",,50.15,הוצאה,גז,FALSE,MAX 7495
26.4.2026,מאי.26,לב השדה,,50.48,הוצאה,"מזון, סופר ומכולת",FALSE,CAL 8973
4.12.2025,דצמ׳.25,"מינימרקט קייזר בע""מ",,50.6,הוצאה,"מזון, סופר ומכולת",FALSE,MAX 4398
9.4.2026,אפר׳.26,מקס מודיעיו,,50.6,הוצאה,קניות לבית - שונות,FALSE,CAL 8973
9.4.2026,אפר׳.26,מקס מודיעיו,,50.6,הוצאה,קניות לבית - שונות,FALSE,CAL 8973
8.9.2025,ספט׳.25,קואופ מודיעין קייזר,,50.7,הוצאה,"מזון, סופר ומכולת",FALSE,CAL 8973
22.4.2025,מאי.25,סופר פארם קניון מודיעין 3,,50.8,הוצאה,חנויות פארם ובתי מרקחת,FALSE,MAX 4398
14.11.2025,דצמ׳.25,אטליז בשר ועוד-צמרת,,50.88,הוצאה,"מזון, סופר ומכולת",FALSE,CAL 8973
15.5.2025,יוני.25,קואופ מודיעין קייזר,,50.89,הוצאה,"מזון, סופר ומכולת",FALSE,CAL 8973
24.5.2025,יוני.25,סופר פארם מודיעין ישפרו ס,,51.1,הוצאה,חנויות פארם ובתי מרקחת,FALSE,MAX 7495
6.4.2025,אפר׳.25,"אלקטרה פאוור סופרגז בע""מ",,51.4,הוצאה,גז,FALSE,MAX 7495
4.12.2025,דצמ׳.25,לב השדה,,51.41,הוצאה,"מזון, סופר ומכולת",FALSE,CAL 8973
17.12.2025,ינו׳.26,קואופ מודיעין קייזר,,51.68,הוצאה,"מזון, סופר ומכולת",FALSE,CAL 8973
25.4.2025,מאי.25,קואופ מודיעין קייזר,,51.7,הוצאה,"מזון, סופר ומכולת",FALSE,CAL 8973
30.11.2025,דצמ׳.25,אייץ' אנד או מודיעין,,51.73,הוצאה,"בגדים, נעליים ואביזרים",FALSE,CAL 8973
12.9.2025,אוק׳.25,קרביץ קניוני עזריאלי,,51.8,הוצאה,קניות לבית - שונות,FALSE,CAL 8973
3.10.2025,אוק׳.25,ALIEXPRESS             LUXEMBOURG    LUX,,51.82,הוצאה,קניות לבית - שונות,FALSE,MAX 4398
2.12.2025,דצמ׳.25,רוסטרס,,52,הוצאה,אוכלים בחוץ,FALSE,CAL 8973
6.12.2025,דצמ׳.25,ליאור עדיקה - סניף מודיעי,,52.1,הוצאה,חנויות פארם ובתי מרקחת,FALSE,MAX 4398
25.3.2026,אפר׳.26,סופר פארם קניון מודיעין 3,,52.1,הוצאה,חנויות פארם ובתי מרקחת,FALSE,MAX 4398
10.1.2026,פבר׳.26,סופר אלונית לטרון,,52.2,הוצאה,אוכלים בחוץ - עמית,FALSE,MAX 7495
20.1.2026,פבר׳.26,הום סנטר מודיעין,,53.7,הוצאה,קניות לבית - שונות,FALSE,CAL 8973
10.8.2025,ספט׳.25,"אלקטרה פאוור סופרגז בע""מ",,53.86,הוצאה,גז,FALSE,MAX 7495
29.11.2025,דצמ׳.25,פנגו-חניונים,,54,הוצאה,חניה,FALSE,MAX 4398
28.3.2026,אפר׳.26,נונו מימי מודיעין,,54,הוצאה,אוכלים בחוץ - עמית,FALSE,MAX 7495
20.6.2025,יולי.25,לב השדה,,54.1,הוצאה,"מזון, סופר ומכולת",FALSE,CAL 8973
5.12.2025,דצמ׳.25,"מינימרקט קייזר בע""מ",,54.5,הוצאה,"מזון, סופר ומכולת",FALSE,CAL 8973
21.8.2025,ספט׳.25,לב השדה,,54.59,הוצאה,"מזון, סופר ומכולת",FALSE,CAL 8973
2.5.2025,מאי.25,הכי מתוק שיש,,54.6,הוצאה,"מזון, סופר ומכולת",FALSE,CAL 8973
20.1.2026,פבר׳.26,ESIMO                  LIMASSOL      CYP,,54.62,הוצאה,חופשות וטיולים,FALSE,MAX 4398
14.1.2026,פבר׳.26,מכבי טבעי - מכבים,,54.98,הוצאה,חנויות פארם ובתי מרקחת,FALSE,CAL 8973
31.7.2025,אוג׳.25,מיכליס,,55,הוצאה,אוכלים בחוץ,FALSE,CAL 8973
16.9.2025,אוק׳.25,ארומה גלילות,,55,הוצאה,אוכלים בחוץ,FALSE,CAL 8973
19.3.2026,אפר׳.26,UPAPP,,55,הוצאה,כושר,FALSE,MAX 4398
3.12.2025,דצמ׳.25,דלק קמעונאות נתיבות,,55.2,הוצאה,אוכלים בחוץ - עמית,FALSE,MAX 7495
23.6.2025,יולי.25,קואופ מודיעין קייזר,,55.8,הוצאה,"מזון, סופר ומכולת",FALSE,MAX 4398
12.1.2026,פבר׳.26,יבולי הפורום שלמה,,55.83,הוצאה,"מזון, סופר ומכולת",FALSE,CAL 8973
5.2.2026,פבר׳.26,מרכז הבשר,,56,הוצאה,"מזון, סופר ומכולת",FALSE,CAL 8973
29.8.2025,ספט׳.25,שוקאוכל,,56.48,הוצאה,"מזון, סופר ומכולת",FALSE,CAL 8973
28.8.2025,ספט׳.25,לב השדה,,56.83,הוצאה,"מזון, סופר ומכולת",FALSE,CAL 8973
10.8.2025,ספט׳.25,"מינימרקט קייזר בע""מ",,57.19,הוצאה,"מזון, סופר ומכולת",FALSE,CAL 8973
19.10.2025,נוב׳.25,aliexpress,,58.18,הוצאה,קניות לבית - שונות,FALSE,CAL 8973
19.10.2025,נוב׳.25,aliexpress,,58.18,הוצאה,קניות לבית - שונות,FALSE,CAL 8973
26.12.2025,ינו׳.26,פנגו חשבונית חודשית,,58.34,הוצאה,חניה,FALSE,MAX 4398
27.1.2026,פבר׳.26,לב השדה,,58.38,הוצאה,"מזון, סופר ומכולת",FALSE,CAL 8973
11.4.2025,מאי.25,פיצוחי מורנו,,58.4,הוצאה,"מזון, סופר ומכולת",FALSE,CAL 8973
25.8.2025,ספט׳.25,סיטי מרקט  מודיעין,,58.4,הוצאה,"מזון, סופר ומכולת",FALSE,MAX 7495
16.8.2025,ספט׳.25,WOLT,,58.49,הוצאה,"מזון, סופר ומכולת",FALSE,MAX 4398
31.10.2025,נוב׳.25,לב השדה,,58.61,הוצאה,"מזון, סופר ומכולת",FALSE,CAL 8973
24.10.2025,נוב׳.25,סופר פארם קניון מודיעין 153,,58.8,הוצאה,חנויות פארם ובתי מרקחת,FALSE,CAL 8973
8.2.2026,פבר׳.26,"אלקטרה פאוור סופרגז בע""מ",,58.82,הוצאה,גז,FALSE,MAX 7495
28.3.2025,אפר׳.25,ALLJOBS אול יו ניד -,,59,הוצאה,יעוץ אנשי מקצוע - משפחה,FALSE,MAX 4398
10.6.2025,יולי.25,פנגו-חניונים,,59,הוצאה,חניה,FALSE,MAX 4398
5.11.2025,נוב׳.25,ALLJOBS אול יו ניד -,,59,הוצאה,יעוץ אנשי מקצוע - משפחה,FALSE,MAX 4398
5.12.2025,דצמ׳.25,ALLJOBS אול יו ניד -,,59,הוצאה,יעוץ אנשי מקצוע - משפחה,FALSE,MAX 4398
5.1.2026,ינו׳.26,ALLJOBS אול יו ניד -,,59,הוצאה,יעוץ אנשי מקצוע - משפחה,FALSE,MAX 4398
5.2.2026,פבר׳.26,ALLJOBS אול יו ניד -,,59,הוצאה,יעוץ אנשי מקצוע - משפחה,FALSE,MAX 4398
5.3.2026,מרץ.26,ALLJOBS אול יו ניד -,,59,הוצאה,יעוץ אנשי מקצוע - משפחה,FALSE,MAX 4398
5.4.2026,אפר׳.26,ALLJOBS אול יו ניד -,,59,הוצאה,יעוץ אנשי מקצוע - משפחה,FALSE,MAX 4398
5.5.2026,מאי.26,ALLJOBS אל יו ניד -,,59,הוצאה,יעוץ אנשי מקצוע - משפחה,FALSE,MAX 4398
12.3.2025,אפר׳.25,פז אפליקצית-YELLOW,,59.05,הוצאה,דלק וטעינה,FALSE,MAX 4398
26.10.2025,נוב׳.25,מ.תחבורה - פנגו מוביט,,59.5,הוצאה,תחבורה ציבורית,FALSE,MAX 4398
25.1.2026,פבר׳.26,שופרסל דיל מודיעין,,59.5,הוצאה,"מזון, סופר ומכולת",FALSE,CAL 8973
22.6.2025,יולי.25,קואופ מודיעין קייזר,,59.7,הוצאה,"מזון, סופר ומכולת",FALSE,CAL 8973
17.11.2025,דצמ׳.25,לב השדה,,59.75,הוצאה,"מזון, סופר ומכולת",FALSE,CAL 8973
17.7.2025,אוג׳.25,פיצוחי מורנו,,59.8,הוצאה,"מזון, סופר ומכולת",FALSE,CAL 8973
11.3.2026,אפר׳.26,מרשמלו,,59.8,הוצאה,"מזון, סופר ומכולת",FALSE,CAL 8973
19.5.2025,יוני.25,בי דראגסטורס עזריאלי מודיעין,,59.93,הוצאה,חנויות פארם ובתי מרקחת,FALSE,CAL 8973
12.1.2026,פבר׳.26,שוקי אנד ג'וזף סטודיו,,60,הוצאה,"מזון, סופר ומכולת",FALSE,MAX 7495
4.4.2026,אפר׳.26,בית בתאילנד,,60,הוצאה,משפחה והשכלה - שונות,FALSE,BIT
12.7.2025,אוג׳.25,WOLT,,60.17,הוצאה,"מזון, סופר ומכולת",FALSE,MAX 4398
24.4.2026,מאי.26,CLAUDE.AI SUBSCRIPTION SAN FRANCISCO,,60.18,הוצאה,בינה מלאכותית,FALSE,MAX 4398
15.12.2025,ינו׳.26,לב השדה,,60.44,הוצאה,"מזון, סופר ומכולת",FALSE,CAL 8973
2.5.2025,מאי.25,בי דראגסטורס מודיעין,,60.7,הוצאה,חנויות פארם ובתי מרקחת,FALSE,MAX 4398
7.10.2025,אוק׳.25,סופר פארם מודיעין שמשוני,,60.7,הוצאה,חנויות פארם ובתי מרקחת,FALSE,MAX 4398
14.8.2025,ספט׳.25,"מינימרקט קייזר בע""מ",,60.9,הוצאה,"מזון, סופר ומכולת",FALSE,CAL 8973
6.12.2025,דצמ׳.25,"טיב טעם רשתות בע""מ- מודיע",,61.28,הוצאה,"מזון, סופר ומכולת",FALSE,MAX 4398
15.1.2026,פבר׳.26,פיצוחי מורנו,,61.3,הוצאה,"מזון, סופר ומכולת",FALSE,CAL 8973
5.9.2025,ספט׳.25,אטליז בשר ועוד-צמרת,,61.34,הוצאה,"מזון, סופר ומכולת",FALSE,CAL 8973
27.1.2026,פבר׳.26,ישיר-ביטוח,,61.7,הוצאה,ביטוח רכב,TRUE,MAX 4398
19.6.2025,יולי.25,CARREFOUR מודיעין שמשוני-יציל,,62.3,הוצאה,"מזון, סופר ומכולת",FALSE,CAL 8973
12.12.2025,ינו׳.26,דלק מנטה עיר שלם,,62.5,הוצאה,אוכלים בחוץ - עמית,FALSE,MAX 7495
10.12.2025,ינו׳.26,לב השדה,,62.77,הוצאה,"מזון, סופר ומכולת",FALSE,CAL 8973
24.3.2026,אפר׳.26,CLAUDE.AI SUBSCRIPTION SAN FRANCISCO USA,,62.9,הוצאה,בינה מלאכותית,FALSE,MAX 4398
6.7.2025,יולי.25,מכבידנט מודיעין עילית,,63,הוצאה,רפואת שיניים,FALSE,CAL 8973
15.7.2025,אוג׳.25,פנגו-חניונים,,63,הוצאה,חניה,FALSE,MAX 4398
6.10.2025,אוק׳.25,קואופ מודיעין קייזר,,63.04,הוצאה,"מזון, סופר ומכולת",FALSE,CAL 8973
12.7.2025,אוג׳.25,סופר פארם מודיעין ישפרו ס,,63.6,הוצאה,חנויות פארם ובתי מרקחת,FALSE,MAX 4398
27.12.2025,ינו׳.26,WOLT,,64,הוצאה,"מזון, סופר ומכולת",FALSE,MAX 4398
9.5.2025,מאי.25,פיצוחי מורנו,,64.1,הוצאה,"מזון, סופר ומכולת",FALSE,CAL 8973
22.6.2025,יולי.25,לב השדה,,64.57,הוצאה,"מזון, סופר ומכולת",FALSE,CAL 8973
10.11.2025,דצמ׳.25,OPENAI *CHATGPT SUBSCR SAN FRANCISCO USA,,64.98,הוצאה,בינה מלאכותית,FALSE,MAX 4398
6.10.2025,אוק׳.25,לב השדה,,65.17,הוצאה,"מזון, סופר ומכולת",FALSE,CAL 8973
21.9.2025,אוק׳.25,לב השדה,,65.3,הוצאה,"מזון, סופר ומכולת",FALSE,CAL 8973
23.2.2026,מרץ.26,אלמה מרקט  מודיעין,,65.5,הוצאה,"מזון, סופר ומכולת",FALSE,MAX 4398
19.5.2025,יוני.25,Temu.com,,65.55,הוצאה,קניות לבית - שונות,FALSE,CAL 8973
19.5.2025,יוני.25,Temu.com,,65.55,הוצאה,קניות לבית - שונות,FALSE,CAL 8973
12.12.2025,ינו׳.26,לב השדה,,65.78,הוצאה,"מזון, סופר ומכולת",FALSE,CAL 8973
14.8.2025,ספט׳.25,שאולי מרקט מודיעין,,65.8,הוצאה,"מזון, סופר ומכולת",FALSE,MAX 4398
9.7.2025,יולי.25,מרשמלו,,66,הוצאה,"מזון, סופר ומכולת",FALSE,MAX 4398
10.10.2025,נוב׳.25,OPENAI *CHATGPT SUBSCR SAN FRANCISCO USA,,66.34,הוצאה,בינה מלאכותית,FALSE,MAX 4398
7.8.2025,אוג׳.25,פיצוחי מורנו,,66.5,הוצאה,"מזון, סופר ומכולת",FALSE,CAL 8973
12.3.2025,אפר׳.25,שופרסל דיל מודיעין,,66.55,הוצאה,"מזון, סופר ומכולת",FALSE,MAX 4398
12.4.2026,מאי.26,"אלקטרה פאוור סופרגז בע""מ",,66.68,הוצאה,גז,FALSE,MAX 7495
8.1.2026,ינו׳.26,סקארה- מודיעין עזריאלי,,66.8,הוצאה,בריאות וטיפוח - אחר,FALSE,CAL 8973
16.7.2025,אוג׳.25,קואופ מודיעין קייזר,,67.14,הוצאה,"מזון, סופר ומכולת",FALSE,CAL 8973
10.9.2025,אוק׳.25,OPENAI *CHATGPT SUBSCR SAN FRANCISCO USA,,67.45,הוצאה,בינה מלאכותית,FALSE,MAX 4398
5.4.2025,אפר׳.25,סופר פארם קניון מודיעין 153,,67.9,הוצאה,חנויות פארם ובתי מרקחת,FALSE,CAL 8973
22.6.2025,יולי.25,בי דראגסטורס תרופות,,68.34,הוצאה,חנויות פארם ובתי מרקחת,FALSE,CAL 8973
14.11.2025,דצמ׳.25,בי דראגסטורס תרופות,,68.34,הוצאה,חנויות פארם ובתי מרקחת,FALSE,CAL 8973
24.10.2025,נוב׳.25,ALIEXPRESS             LUXEMBOURG    LUX,,68.58,הוצאה,קניות לבית - שונות,FALSE,MAX 4398
14.11.2025,דצמ׳.25,"מינימרקט קייזר בע""מ",,68.7,הוצאה,"מזון, סופר ומכולת",FALSE,MAX 4398
3.5.2026,מאי.26,GAMMA.APP SAN FRANCISCO,,35.9,הוצאה,בינה מלאכותית,FALSE,MAX 4398
17.6.2025,יולי.25,סטימצקי שווק אינטרנט-גמא,,69,הוצאה,מוזיקה וספרים,FALSE,MAX 4398
22.11.2025,דצמ׳.25,BASE44                 NEW YORK      USA,,69,הוצאה,בינה מלאכותית,FALSE,MAX 4398
10.8.2025,ספט׳.25,OPENAI *CHATGPT SUBSCR SAN FRANCISCO USA,,69.04,הוצאה,בינה מלאכותית,FALSE,MAX 4398
22.5.2025,יוני.25,"מינימרקט קייזר בע""מ",,69.1,הוצאה,"מזון, סופר ומכולת",FALSE,MAX 4398
30.4.2025,מאי.25,קואופ מודיעין קייזר,,69.7,הוצאה,"מזון, סופר ומכולת",FALSE,CAL 8973
8.9.2025,ספט׳.25,פיצוחי מורנו,,69.8,הוצאה,"מזון, סופר ומכולת",FALSE,CAL 8973
3.4.2025,אפר׳.25,נאייקס לוי נבו,,70,הוצאה,"מספרה, טיפוח ויופי",FALSE,MAX 7495
16.4.2025,מאי.25,נאייקס לוי נבו,,70,הוצאה,"מספרה, טיפוח ויופי",FALSE,MAX 7495
20.4.2025,מאי.25,הצ'יף,,70,הוצאה,"מזון, סופר ומכולת",FALSE,MAX 7495
5.6.2025,יוני.25,עמית ❤️👨🏻,,70,הוצאה,"מספרה, טיפוח ויופי",FALSE,BIT
16.6.2025,יולי.25,סופר פארם קניון מודיעין 3,,70,הוצאה,חנויות פארם ובתי מרקחת,FALSE,MAX 4398
17.8.2025,ספט׳.25,יהונתן ולץ,,70,הוצאה,"מספרה, טיפוח ויופי",FALSE,BIT
19.9.2025,אוק׳.25,יהונתן ולץ,,70,הוצאה,"מספרה, טיפוח ויופי",FALSE,BIT
16.10.2025,נוב׳.25,BAR-BIE,,70,הוצאה,קניות לבית - שונות,FALSE,MAX 4398
10.12.2025,ינו׳.26,נקודת חן,,70,הוצאה,קניות לבית - שונות,FALSE,CAL 8973
10.12.2025,ינו׳.26,אלמה מרקט  מודיעין,,70.1,הוצאה,"מזון, סופר ומכולת",FALSE,MAX 4398
21.8.2025,ספט׳.25,קואופ מודיעין קייזר,,70.53,הוצאה,"מזון, סופר ומכולת",FALSE,CAL 8973
26.2.2026,מרץ.26,סופר פארם קניון מודיעין 3,,70.93,הוצאה,חנויות פארם ובתי מרקחת,FALSE,MAX 7495
30.3.2026,אפר׳.26,פיצוחי מורנו,,71.5,הוצאה,"מזון, סופר ומכולת",FALSE,CAL 8973
6.5.2025,מאי.25,הסטוק עזריאלי מודיעין,,71.7,הוצאה,קניות לבית - שונות,FALSE,CAL 8973
12.3.2025,אפר׳.25,ALIEXPRESS             LUXEMBOURG    LUX,,71.75,הוצאה,קניות לבית - שונות,FALSE,MAX 4398
13.5.2025,יוני.25,מנחם בלוך,,72,הוצאה,אוכלים בחוץ,FALSE,CAL 8973
29.4.2026,מאי.26,בית מרקחת מכבי מודיעין,,72.4,הוצאה,חנויות פארם ובתי מרקחת,FALSE,CAL 8973
13.11.2025,דצמ׳.25,שופרסל אקספרס מורשת מודיעין,,72.48,הוצאה,"מזון, סופר ומכולת",FALSE,CAL 8973
31.12.2025,ינו׳.26,שופרסל דיל כפר יונה,,72.7,הוצאה,"מזון, סופר ומכולת",FALSE,MAX 4398
28.7.2025,אוג׳.25,"נוי השדה הדס שוק צפון בע""",,72.81,הוצאה,"מזון, סופר ומכולת",FALSE,CAL 8973
27.8.2025,ספט׳.25,פנגו חשבונית חודשית,,72.9,הוצאה,חניה,FALSE,MAX 4398
2.4.2025,אפר׳.25,מעדניית איבגי,,73.5,הוצאה,"מזון, סופר ומכולת",FALSE,CAL 8973
19.9.2025,אוק׳.25,בי דראגסטורס עזריאלי מודיעין,,73.82,הוצאה,חנויות פארם ובתי מרקחת,FALSE,CAL 8973
27.11.2025,דצמ׳.25,לב השדה,,74.25,הוצאה,"מזון, סופר ומכולת",FALSE,CAL 8973
4.3.2026,מרץ.26,AIRTABLE.COM/BILL      SAN FRANCISCO USA,,74.46,הוצאה,בינה מלאכותית,FALSE,MAX 4398
28.12.2025,ינו׳.26,GOOGLE ONE             MOUNTAIN VIEW USA,,74.9,הוצאה,בינה מלאכותית,FALSE,MAX 4398
28.1.2026,פבר׳.26,GOOGLE ONE             MOUNTAIN VIEW USA,,74.9,הוצאה,בינה מלאכותית,FALSE,MAX 4398
28.2.2026,מרץ.26,GOOGLE ONE             MOUNTAIN VIEW USA,,74.9,הוצאה,בינה מלאכותית,FALSE,MAX 4398
28.3.2026,אפר׳.26,GOOGLE ONE             MOUNTAIN VIEW USA,,74.9,הוצאה,בינה מלאכותית,FALSE,MAX 4398
28.4.2026,מאי.26,GOOGLE ONE MOUNTAIN VIEW,,74.9,הוצאה,בינה מלאכותית,FALSE,MAX 4398
19.3.2025,אפר׳.25,נעה אפייה מקומית,,75,הוצאה,"מזון, סופר ומכולת",FALSE,CAL 8973
23.10.2025,נוב׳.25,בי דראגסטורס מודיעין,,75,הוצאה,חנויות פארם ובתי מרקחת,FALSE,CAL 8973
25.2.2026,מרץ.26,הצ'יף,,75,הוצאה,"מזון, סופר ומכולת",FALSE,MAX 7495
14.12.2025,ינו׳.26,"אלקטרה פאוור סופרגז בע""מ",,75.35,הוצאה,גז,FALSE,MAX 7495
10.12.2025,ינו׳.26,חוות נעמי מודיעין-צמרת,,75.48,הוצאה,"מזון, סופר ומכולת",FALSE,CAL 8973
26.5.2025,יוני.25,ג'ירף מודיעין,,76,הוצאה,אוכלים בחוץ,FALSE,CAL 8973
29.10.2025,נוב׳.25,מכבידנט מודיעין עילית,,76,הוצאה,רפואת שיניים,FALSE,CAL 8973
30.1.2026,פבר׳.26,"מינימרקט קייזר בע""מ",,76.5,הוצאה,"מזון, סופר ומכולת",FALSE,MAX 7495
13.11.2025,דצמ׳.25,פיצוחי מורנו,,76.6,הוצאה,"מזון, סופר ומכולת",FALSE,CAL 8973
15.11.2025,דצמ׳.25,"טיב טעם רשתות בע""מ- מודיע",,76.8,הוצאה,"מזון, סופר ומכולת",FALSE,MAX 4398
19.5.2025,יוני.25,לב השדה,,76.92,הוצאה,"מזון, סופר ומכולת",FALSE,CAL 8973
11.11.2025,דצמ׳.25,נונו מימי מודיעין,,77,הוצאה,אוכלים בחוץ,FALSE,CAL 8973
11.2.2026,מרץ.26,קיי אס פי צומת קריית אתא-,,77,הוצאה,בריאות וטיפוח - אחר,FALSE,MAX 4398
19.2.2026,מרץ.26,"מינימרקט קייזר בע""מ",,77.18,הוצאה,"מזון, סופר ומכולת",FALSE,CAL 8973
26.2.2026,מרץ.26,"מינימרקט קייזר בע""מ",,77.22,הוצאה,"מזון, סופר ומכולת",FALSE,CAL 8973
25.4.2025,מאי.25,פיצוחי מורנו,,77.6,הוצאה,"מזון, סופר ומכולת",FALSE,CAL 8973
28.1.2026,פבר׳.26,מכבי טבעי - מכבים,,77.67,הוצאה,חנויות פארם ובתי מרקחת,FALSE,CAL 8973
23.12.2025,ינו׳.26,"מינימרקט קייזר בע""מ",,78.68,הוצאה,"מזון, סופר ומכולת",FALSE,CAL 8973
7.2.2026,פבר׳.26,"טיב טעם רשתות בע""מ- מודיע",,78.8,הוצאה,"מזון, סופר ומכולת",FALSE,MAX 4398
15.8.2025,ספט׳.25,סופר פארם מודיעין שמשוני 101,,79.3,הוצאה,חנויות פארם ובתי מרקחת,FALSE,CAL 8973
8.11.2025,נוב׳.25,ליאור עדיקה - סניף מודיעי,,79.5,הוצאה,חנויות פארם ובתי מרקחת,FALSE,MAX 4398
20.2.2026,מרץ.26,דרך ארץ הוראת קבע,,79.67,הוצאה,כבישי אגרה,FALSE,MAX 4398
13.5.2025,יוני.25,פליצ'יטה - מסעדה איטלקית,,80,הוצאה,אוכלים בחוץ,FALSE,CAL 8973
10.6.2025,יולי.25,אופט הלפרין מודיעין,,80,הוצאה,עיניים ואופטיקה,FALSE,MAX 7495
27.7.2025,אוג׳.25,איטל אופטויק מודיעין,,80,הוצאה,עיניים ואופטיקה,FALSE,MAX 7495
5.9.2025,ספט׳.25,הייטקזון - מתנות ואתר,,80,הוצאה,אוכלים בחוץ,FALSE,CAL 8973
6.10.2025,אוק׳.25,יהונתן ולץ,,80,הוצאה,"מספרה, טיפוח ויופי",FALSE,BIT
23.10.2025,נוב׳.25,יהונתן ולץ,,80,הוצאה,"מספרה, טיפוח ויופי",FALSE,BIT
2.11.2025,נוב׳.25,נאייקס לוי נבו,,80,הוצאה,"מספרה, טיפוח ויופי",FALSE,MAX 7495
6.11.2025,נוב׳.25,פנגו-חניונים,,80,הוצאה,חניה,FALSE,MAX 4398
17.11.2025,דצמ׳.25,יהונתן ולץ,,80,הוצאה,"מספרה, טיפוח ויופי",FALSE,BIT
30.11.2025,דצמ׳.25,עמית תספורת,,80,הוצאה,"מספרה, טיפוח ויופי",FALSE,BIT
23.12.2025,ינו׳.26,יהונתן ולץ,,80,הוצאה,"מספרה, טיפוח ויופי",FALSE,BIT
4.1.2026,ינו׳.26,יהונתן ולץ,,80,הוצאה,"מספרה, טיפוח ויופי",FALSE,BIT
22.1.2026,פבר׳.26,יהונתן ולץ,,80,הוצאה,"מספרה, טיפוח ויופי",FALSE,MAX 7495
24.3.2026,אפר׳.26,פנגו-חניונים,,80,הוצאה,חניה,FALSE,MAX 4398
31.8.2025,ספט׳.25,הסטוק עזריאלי מודיעין,,80.4,הוצאה,קניות לבית - שונות,FALSE,MAX 7495
19.2.2026,מרץ.26,סופר פארם קניון מודיעין 153,,80.7,הוצאה,חנויות פארם ובתי מרקחת,FALSE,CAL 8973
12.3.2026,אפר׳.26,LOVABLE                DOVER         USA,,81.64,הוצאה,בינה מלאכותית,FALSE,MAX 4398
13.3.2026,אפר׳.26,LOVABLE                DOVER         USA,,81.64,הוצאה,בינה מלאכותית,FALSE,MAX 4398
5.12.2025,דצמ׳.25,פיצוחי מורנו,,81.8,הוצאה,"מזון, סופר ומכולת",FALSE,CAL 8973
26.3.2025,אפר׳.25,הראל-ביטוח בריאות,,82,הוצאה,ביטוח - לא מסווג,TRUE,CAL 4015
27.4.2025,מאי.25,הראל-ביטוח בריאות,,82,הוצאה,ביטוח - לא מסווג,TRUE,CAL 4015
21.1.2026,פבר׳.26,הפניקס ביטוח,,82,הוצאה,ביטוח רכב,TRUE,MAX 4398
30.4.2025,מאי.25,בי דראגסטורס עזריאלי מודיעין,,82.3,הוצאה,חנויות פארם ובתי מרקחת,FALSE,CAL 8973
26.5.2025,יוני.25,הראל-ביטוח בריאות,,83,הוצאה,ביטוח - לא מסווג,TRUE,CAL 4015
26.6.2025,יולי.25,הראל-ביטוח בריאות,,83,הוצאה,ביטוח - לא מסווג,TRUE,CAL 4015
27.7.2025,אוג׳.25,הראל-ביטוח בריאות,,83,הוצאה,ביטוח - לא מסווג,TRUE,CAL 4015
26.8.2025,ספט׳.25,הראל-ביטוח בריאות,,83,הוצאה,ביטוח - לא מסווג,TRUE,CAL 4015
29.12.2025,ינו׳.26,שופרסל דיל נתניה,,83.5,הוצאה,"מזון, סופר ומכולת",FALSE,MAX 4398
18.12.2025,ינו׳.26,"קשטן דאלי בע""מ",,83.66,הוצאה,"מזון, סופר ומכולת",FALSE,CAL 8973
25.9.2025,אוק׳.25,הראל-ביטוח בריאות,,84,הוצאה,ביטוח - לא מסווג,TRUE,CAL 4015
26.10.2025,נוב׳.25,הראל-ביטוח בריאות,,84,הוצאה,ביטוח - לא מסווג,TRUE,CAL 4015
26.11.2025,דצמ׳.25,הראל-ביטוח בריאות,,84,הוצאה,ביטוח - לא מסווג,TRUE,CAL 4015
25.12.2025,ינו׳.26,הראל-ביטוח בריאות,,84,הוצאה,ביטוח - לא מסווג,TRUE,CAL 4015
8.1.2026,ינו׳.26,הפניקס ביטוח,,84,הוצאה,ביטוח רכב,TRUE,MAX 4398
26.1.2026,פבר׳.26,הראל-ביטוח בריאות,,84,הוצאה,ביטוח - לא מסווג,TRUE,CAL 4015
26.2.2026,מרץ.26,הראל-ביטוח בריאות,,84,הוצאה,ביטוח - לא מסווג,TRUE,CAL 4015
26.3.2026,אפר׳.26,הראל-ביטוח בריאות,,84,הוצאה,ביטוח - לא מסווג,TRUE,CAL 4015
26.4.2026,מאי.26,הראל-ביטוח בריאות,,84,הוצאה,לא מסווג,TRUE,CAL 4015
23.2.2026,מרץ.26,WOLT,,84.13,הוצאה,"מזון, סופר ומכולת",FALSE,MAX 4398
25.4.2025,מאי.25,מ.תחבורה - פנגו מוביט,,85,הוצאה,תחבורה ציבורית,FALSE,MAX 4398
7.10.2025,אוק׳.25,WOLT,,85.29,הוצאה,אוכלים בחוץ - עמית,FALSE,MAX 7495
21.5.2025,יוני.25,לב השדה,,85.35,הוצאה,"מזון, סופר ומכולת",FALSE,CAL 8973
6.4.2025,אפר׳.25,ליאור עדיקה - סניף מודיעין,,85.9,הוצאה,חנויות פארם ובתי מרקחת,FALSE,CAL 8973
12.3.2026,אפר׳.26,סופר ספיר - מודיעין-צמרת,,85.9,הוצאה,"מזון, סופר ומכולת",FALSE,CAL 8973
3.4.2025,אפר׳.25,YANGO DELI - APPLE PAY,,86.6,הוצאה,"מזון, סופר ומכולת",FALSE,MAX 4398
26.6.2025,יולי.25,פנגו חשבונית חודשית,,86.73,הוצאה,חניה,FALSE,MAX 4398
1.5.2026,מאי.26,ליאור פרנקל,,87,הוצאה,מוזיקה וספרים,FALSE,MAX 4398
12.4.2025,מאי.25,סיטי מרקט  מודיעין,,87.2,הוצאה,"מזון, סופר ומכולת",FALSE,MAX 7495
10.6.2025,יולי.25,"מינימרקט קייזר בע""מ",,87.3,הוצאה,"מזון, סופר ומכולת",FALSE,MAX 7495
8.2.2026,פבר׳.26,סופר פארם מודיעין ישפרו סנטר 125,,87.9,הוצאה,חנויות פארם ובתי מרקחת,FALSE,CAL 8973
28.5.2025,יוני.25,בי דראגסטורס מודיעין,,88,הוצאה,חנויות פארם ובתי מרקחת,FALSE,CAL 8973
26.9.2025,אוק׳.25,פנגו חשבונית חודשית,,88.38,הוצאה,חניה,FALSE,MAX 4398
28.6.2025,יולי.25,YANGO DELI - APPLE PAY,,88.8,הוצאה,"מזון, סופר ומכולת",FALSE,MAX 4398
7.4.2025,אפר׳.25,בכר סנטר,,89,הוצאה,"מזון, סופר ומכולת",FALSE,CAL 8973
10.9.2025,אוק׳.25,צומת ספרים עזריאלי,,89,הוצאה,מוזיקה וספרים,FALSE,CAL 8973
25.12.2025,ינו׳.26,סופר פארם קניון מודיעין 153,,89.7,הוצאה,חנויות פארם ובתי מרקחת,FALSE,CAL 8973
30.5.2025,יוני.25,סופר פארם מודיעין ישפרו ס,,89.8,הוצאה,חנויות פארם ובתי מרקחת,FALSE,MAX 4398
30.11.2025,דצמ׳.25,תמנון מודיעין-גמא,,90,הוצאה,"בגדים, נעליים ואביזרים",FALSE,CAL 8973
3.12.2025,דצמ׳.25,"שווארמה כחלון בע""מ",,90,הוצאה,אוכלים בחוץ - עמית,FALSE,MAX 7495
11.4.2026,מאי.26,עמית,,90,הוצאה,"מזון, סופר ומכולת",FALSE,BIT
18.7.2025,אוג׳.25,רמי לוי ישפרו מודיעין,,91.7,הוצאה,"מזון, סופר ומכולת",FALSE,MAX 4398
3.12.2025,דצמ׳.25,BOX,,92,הוצאה,הוצאות עסק - שונות,FALSE,MAX 4398
3.5.2025,מאי.25,YANGO DELI - APPLE PAY,,92.28,הוצאה,"מזון, סופר ומכולת",FALSE,MAX 4398
31.3.2026,אפר׳.26,‫ריבית,,92.84,הוצאה,ריבית ועמלות,FALSE,Bank Yahav
22.11.2025,דצמ׳.25,ג'פניקה מודיעין-גמא,,93,הוצאה,אוכלים בחוץ,FALSE,CAL 8973
17.8.2025,ספט׳.25,לב השדה,,93.16,הוצאה,"מזון, סופר ומכולת",FALSE,CAL 8973
21.8.2025,ספט׳.25,פיצוחי מורנו,,94.5,הוצאה,"מזון, סופר ומכולת",FALSE,MAX 7495
26.3.2025,אפר׳.25,לב השדה,,94.77,הוצאה,"מזון, סופר ומכולת",FALSE,CAL 8973
25.2.2026,מרץ.26,קפה גן סיפור הרצליה,,95,הוצאה,אוכלים בחוץ,FALSE,CAL 8973
27.5.2025,יוני.25,ESIMO,,95.35,הוצאה,חופשות וטיולים,FALSE,CAL 8973
27.5.2025,יוני.25,ESIMO,,95.35,הוצאה,חופשות וטיולים,FALSE,CAL 8973
14.9.2025,אוק׳.25,סופר פארם מודיעין ישפרו סנטר 125,,95.8,הוצאה,חנויות פארם ובתי מרקחת,FALSE,CAL 8973
15.1.2026,פבר׳.26,"מינימרקט קייזר בע""מ",,96.03,הוצאה,"מזון, סופר ומכולת",FALSE,CAL 8973
15.12.2025,ינו׳.26,קואופ מודיעין קייזר,,96.31,הוצאה,"מזון, סופר ומכולת",FALSE,CAL 8973
29.5.2025,יוני.25,"יוניברס מודיעין, ישפרו סנ",,96.7,הוצאה,"מזון, סופר ומכולת",FALSE,MAX 4398
12.6.2025,יולי.25,WOLT,,96.71,הוצאה,"מזון, סופר ומכולת",FALSE,MAX 4398
9.1.2026,ינו׳.26,"מינימרקט קייזר בע""מ",,97.4,הוצאה,"מזון, סופר ומכולת",FALSE,MAX 4398
30.4.2025,מאי.25,פיצוחי מורנו,,98.1,הוצאה,"מזון, סופר ומכולת",FALSE,CAL 8973
21.7.2025,אוג׳.25,סופר פארם קניון מודיעין 153,,98.6,הוצאה,חנויות פארם ובתי מרקחת,FALSE,CAL 8973
30.11.2025,דצמ׳.25,סופר פארם מודיעין ישפרו סנטר 125,,98.6,הוצאה,חנויות פארם ובתי מרקחת,FALSE,CAL 8973
17.11.2025,דצמ׳.25,קואופ מודיעין קייזר,,99.38,הוצאה,"מזון, סופר ומכולת",FALSE,CAL 8973
11.9.2025,אוק׳.25,YANGO DELI - APPLE PAY,,99.4,הוצאה,"מזון, סופר ומכולת",FALSE,MAX 4398
18.6.2025,יולי.25,לב השדה,,99.59,הוצאה,"מזון, סופר ומכולת",FALSE,CAL 8973
7.7.2025,יולי.25,M&H גלילות,,99.9,הוצאה,"בגדים, נעליים ואביזרים",FALSE,MAX 7495
8.4.2025,אפר׳.25,ענת רזיאל,,100,הוצאה,קורסים והרצאות,FALSE,BIT
2.5.2025,מאי.25,דקל שימול ספר,,100,הוצאה,"מספרה, טיפוח ויופי",FALSE,MAX 4398
2.5.2025,מאי.25,דקל שימול ספר,,100,הוצאה,"מספרה, טיפוח ויופי",FALSE,Paybox
20.5.2025,יוני.25,דקל שימול ספר,,100,הוצאה,"מספרה, טיפוח ויופי",FALSE,MAX 4398
20.5.2025,יוני.25,דקל שימול ספר,,100,הוצאה,"מספרה, טיפוח ויופי",FALSE,Paybox
16.7.2025,אוג׳.25,דקל שימול ספר,,100,הוצאה,"מספרה, טיפוח ויופי",FALSE,MAX 4398
16.7.2025,אוג׳.25,דקל שימול ספר,,100,הוצאה,"מספרה, טיפוח ויופי",FALSE,Paybox
30.7.2025,אוג׳.25,דקל שימול ספר,,100,הוצאה,"מספרה, טיפוח ויופי",FALSE,MAX 4398
30.7.2025,אוג׳.25,דקל שימול ספר,,100,הוצאה,"מספרה, טיפוח ויופי",FALSE,Paybox
31.8.2025,ספט׳.25,דקל שימול ספר,,100,הוצאה,"מספרה, טיפוח ויופי",FALSE,MAX 4398
31.8.2025,ספט׳.25,דקל שימול ספר,,100,הוצאה,"מספרה, טיפוח ויופי",FALSE,Paybox
12.12.2025,ינו׳.26,לאומי לישראל,,100,הוצאה,משיכה מכספומט,FALSE,CAL 4015
21.12.2025,ינו׳.26,הפועלים,,100,הוצאה,משיכה מכספומט,FALSE,CAL 8973
22.12.2025,ינו׳.26,"צמיגי דרור שילת בע""מ-צמרת",,100,הוצאה,מוסך,FALSE,CAL 8973
22.12.2025,ינו׳.26,יהב,,100,הוצאה,משיכה מכספומט,FALSE,CAL 8973
5.2.2026,פבר׳.26,יהונתן ולץ,,100,הוצאה,"מספרה, טיפוח ויופי",FALSE,MAX 7495
5.3.2026,מרץ.26,יהונתן ולץ,,100,הוצאה,"מספרה, טיפוח ויופי",FALSE,MAX 7495
7.3.2026,מרץ.26,"ארגון זכויות הצליאק ע""ר",,100,הוצאה,תרומות,FALSE,CAL 4015
17.3.2026,אפר׳.26,יהונתן ולץ,,100,הוצאה,"מספרה, טיפוח ויופי",FALSE,MAX 7495
2.4.2026,אפר׳.26,יהונתן ולץ,,100,הוצאה,"מספרה, טיפוח ויופי",FALSE,BIT
10.4.2026,מאי.26,"פנגו חניוני טכנוסו הו""ק",,100,הוצאה,חניה,FALSE,MAX 4398
7.5.2026,מאי.26,יהונתן ולץ,,100,הוצאה,"מספרה, טיפוח ויופי",FALSE,MAX 7495
8.3.2026,מרץ.26,"מינימרקט קייזר בע""מ",,100.49,הוצאה,"מזון, סופר ומכולת",FALSE,CAL 8973
25.2.2026,מרץ.26,מ.תחבורה - פנגו מוביט,,100.5,הוצאה,תחבורה ציבורית,FALSE,MAX 4398
13.2.2026,מרץ.26,CANTONA,,100.7,הוצאה,אוכלים בחוץ - עידן,FALSE,MAX 4398
14.8.2025,ספט׳.25,ליאור עדיקה - סניף מודיעי,,101.5,הוצאה,חנויות פארם ובתי מרקחת,FALSE,MAX 4398
15.1.2026,פבר׳.26,לב השדה,,102.07,הוצאה,"מזון, סופר ומכולת",FALSE,CAL 8973
6.10.2025,אוק׳.25,פיצוחי מורנו,,102.9,הוצאה,"מזון, סופר ומכולת",FALSE,CAL 8973
12.3.2025,אפר׳.25,מיכליס,,103,הוצאה,אוכלים בחוץ,FALSE,CAL 8973
18.10.2025,נוב׳.25,מחבקים את משפחת גולן,,103.54,הוצאה,תרומות,FALSE,BIT
18.10.2025,נוב׳.25,HEADSTART.CO.IL,,103.54,הוצאה,תרומות,FALSE,MAX 4398
5.11.2025,נוב׳.25,פלורוז,,104,הוצאה,מתנות,FALSE,CAL 8973
26.2.2026,מרץ.26,"טר""מ מודיעין",,104,הוצאה,שירותי בריאות,FALSE,CAL 8973
13.9.2025,אוק׳.25,סופר פארם מודיעין ישפרו ס,,104.4,הוצאה,חנויות פארם ובתי מרקחת,FALSE,MAX 4398
21.5.2025,יוני.25,בית העסק באמצעות Grow,,105,הוצאה,תרומות,FALSE,BIT
21.5.2025,יוני.25,עמותת עלם,,105,הוצאה,תרומות,FALSE,MAX 4398
9.1.2026,ינו׳.26,ALIEXPRESS             LUXEMBOURG    LUX,,105.62,הוצאה,קניות לבית - שונות,FALSE,MAX 4398
25.1.2026,פבר׳.26,קואופ מודיעין קייזר,,106.34,הוצאה,"מזון, סופר ומכולת",FALSE,CAL 8973
19.6.2025,יולי.25,קנקון מודיעין/אשדוד,,107.01,הוצאה,"מזון, סופר ומכולת",FALSE,CAL 8973
15.2.2026,מרץ.26,כספונט,,107.9,הוצאה,משיכה מכספומט,FALSE,CAL 4015
10.4.2025,מאי.25,קנקון מודיעין/אשדוד,,108.5,הוצאה,"מזון, סופר ומכולת",FALSE,CAL 8973
24.9.2025,אוק׳.25,WOLT,,108.81,הוצאה,אוכלים בחוץ - עמית,FALSE,MAX 7495
14.11.2025,דצמ׳.25,לב השדה,,108.94,הוצאה,"מזון, סופר ומכולת",FALSE,CAL 8973
8.8.2025,אוג׳.25,סופר פארם גן שמואל 84,,109.5,הוצאה,חנויות פארם ובתי מרקחת,FALSE,MAX 7495
22.5.2025,יוני.25,בי דראגסטורס מודיעין,,109.6,הוצאה,חנויות פארם ובתי מרקחת,FALSE,CAL 8973
29.3.2025,אפר׳.25,בי דראגסטורס עזריאלי מודי,,110,הוצאה,חנויות פארם ובתי מרקחת,FALSE,MAX 4398
7.7.2025,יולי.25,מכבידנט מודיעין עילית,,110.3,הוצאה,רפואת שיניים,FALSE,CAL 8973
18.12.2025,ינו׳.26,מכבידנט בעמ,,110.3,הוצאה,רפואת שיניים,FALSE,BIT
18.12.2025,ינו׳.26,מכבידנט- פאיימי,,110.3,הוצאה,רפואת שיניים,FALSE,MAX 4398
11.4.2025,מאי.25,קואופ מודיעין קייזר,,110.87,הוצאה,"מזון, סופר ומכולת",FALSE,CAL 8973
26.12.2025,ינו׳.26,הפניקס ביטוח,,111,הוצאה,ביטוח רכב,TRUE,MAX 4398
26.2.2026,מרץ.26,לב השדה,,111.03,הוצאה,"מזון, סופר ומכולת",FALSE,CAL 8973
22.5.2025,יוני.25,WOLT,,111.65,הוצאה,אוכלים בחוץ - עמית,FALSE,MAX 7495
20.6.2025,יולי.25,עמית ❤️👨🏻,,112,הוצאה,לא מסווג,FALSE,BIT
26.3.2026,אפר׳.26,"רשת כוורת בצה""ל",,112.4,הוצאה,ציוד צבאי,FALSE,MAX 4398
12.11.2025,דצמ׳.25,יין בעיר סניף שילת-יציל,,113,הוצאה,"מזון, סופר ומכולת",FALSE,CAL 8973
22.1.2026,פבר׳.26,ויקטורי מודיעין,,114.2,הוצאה,"מזון, סופר ומכולת",FALSE,MAX 4398
13.3.2026,אפר׳.26,"מינימרקט קייזר בע""מ",,114.8,הוצאה,"מזון, סופר ומכולת",FALSE,MAX 4398
13.6.2025,יולי.25,פיצוחי מורנו,,115.8,הוצאה,"מזון, סופר ומכולת",FALSE,CAL 8973
16.4.2026,מאי.26,פיצוחי מורנו,,115.8,הוצאה,"מזון, סופר ומכולת",FALSE,CAL 8973
30.11.2025,דצמ׳.25,ישיר - בטוח חובה,,116.38,הוצאה,ביטוח רכב,TRUE,MAX 4398
21.9.2025,אוק׳.25,"טיב טעם רשתות בע""מ- מודיעין",,116.82,הוצאה,"מזון, סופר ומכולת",FALSE,CAL 8973
25.1.2026,פבר׳.26,הייר טופ,,117,הוצאה,בריאות וטיפוח - אחר,FALSE,CAL 8973
11.10.2025,נוב׳.25,סיטי מרקט מודיעין,,117.58,הוצאה,"מזון, סופר ומכולת",FALSE,MAX 4398
19.4.2026,מאי.26,"‫מי מודיעין בע""מ",,117.74,הוצאה,מים,FALSE,Bank Yahav
26.3.2025,אפר׳.25,הראל ביטוח חיים,,118.52,הוצאה,מטריה ביטוחית,TRUE,MAX 7495
15.1.2026,פבר׳.26,"קשטן דאלי בע""מ",,118.6,הוצאה,"מזון, סופר ומכולת",FALSE,CAL 8973
19.5.2025,יוני.25,"מ.ע רישוי רכב מודיעין בע""",,118.61,הוצאה,רישוי רכב,FALSE,MAX 4398
6.5.2026,מאי.26,"קשטן דאלי בע""מ",,118.95,הוצאה,"מזון, סופר ומכולת",FALSE,CAL 8973
26.8.2025,ספט׳.25,מ.תחבורה - פנגו מוביט,,119,הוצאה,תחבורה ציבורית,FALSE,MAX 4398
21.10.2025,נוב׳.25,מורשת פילאטיס,,119,הוצאה,כושר,FALSE,MAX 4398
27.4.2025,מאי.25,הראל ביטוח חיים,,119.1,הוצאה,מטריה ביטוחית,TRUE,MAX 7495
6.5.2025,מאי.25,ALIEXPRESS             LUXEMBOURG    LUX,,119.56,הוצאה,קניות לבית - שונות,FALSE,MAX 4398
7.8.2025,אוג׳.25,"מינימרקט קייזר בע""מ",,119.8,הוצאה,"מזון, סופר ומכולת",FALSE,MAX 4398
15.5.2025,יוני.25,המכבסה,,120,הוצאה,קניות לבית - שונות,FALSE,CAL 8973
26.6.2025,יולי.25,הראל ביטוח חיים,,120.03,הוצאה,מטריה ביטוחית,TRUE,MAX 7495
5.2.2026,פבר׳.26,"מינימרקט קייזר בע""מ",,120.2,הוצאה,"מזון, סופר ומכולת",FALSE,CAL 8973
26.5.2025,יוני.25,הראל ביטוח חיים,,120.38,הוצאה,מטריה ביטוחית,TRUE,MAX 7495
27.7.2025,אוג׳.25,הראל ביטוח חיים,,120.38,הוצאה,מטריה ביטוחית,TRUE,MAX 7495
26.8.2025,ספט׳.25,הראל ביטוח חיים,,120.85,הוצאה,מטריה ביטוחית,TRUE,MAX 7495
26.10.2025,נוב׳.25,הראל ביטוח חיים,,120.96,הוצאה,מטריה ביטוחית,TRUE,MAX 7495
25.12.2025,ינו׳.26,הראל ביטוח חיים,,120.96,הוצאה,מטריה ביטוחית,TRUE,MAX 7495
14.3.2026,אפר׳.26,סיטי מרקט מודיעין גולדה מ,,121.14,הוצאה,"מזון, סופר ומכולת",FALSE,MAX 4398
20.6.2025,יולי.25,אטליז בשר ועוד-צמרת,,121.32,הוצאה,"מזון, סופר ומכולת",FALSE,CAL 8973
26.11.2025,דצמ׳.25,הראל ביטוח חיים,,121.55,הוצאה,מטריה ביטוחית,TRUE,MAX 7495
25.9.2025,אוק׳.25,הראל ביטוח חיים,,121.66,הוצאה,מטריה ביטוחית,TRUE,MAX 7495
19.3.2025,אפר׳.25,"מינימרקט קייזר בע""מ",,124.07,הוצאה,"מזון, סופר ומכולת",FALSE,CAL 8973
1.8.2025,אוג׳.25,סיטי מרקט מודיעין,,124.56,הוצאה,"מזון, סופר ומכולת",FALSE,CAL 8973
21.12.2025,ינו׳.26,"מינימרקט קייזר בע""מ",,125.2,הוצאה,"מזון, סופר ומכולת",FALSE,CAL 8973
13.11.2025,דצמ׳.25,סיטי מרקט מודיעין גולדה מאיר 100,,125.88,הוצאה,"מזון, סופר ומכולת",FALSE,CAL 8973
20.3.2025,אפר׳.25,דרך ארץ הוראת קבע,,126.55,הוצאה,כבישי אגרה,FALSE,MAX 4398
20.10.2025,נוב׳.25,"‫מי מודיעין בע""מ",,126.65,הוצאה,מים,FALSE,Bank Yahav
20.10.2025,נוב׳.25,"מי מודיעין בע""מ",,126.65,הוצאה,מים,FALSE,Bank Yahav
5.9.2025,ספט׳.25,לב השדה,,128.64,הוצאה,"מזון, סופר ומכולת",FALSE,CAL 8973
27.3.2026,אפר׳.26,"סלטי משני (1997) בע""מ-צמר",,128.73,הוצאה,"מזון, סופר ומכולת",FALSE,MAX 7495
29.4.2026,מאי.26,סופר פארם קניון מודיעין 153,,128.8,הוצאה,חנויות פארם ובתי מרקחת,FALSE,CAL 8973
22.12.2025,ינו׳.26,USCUSTOMS ESTA APPL PM INDIANAPOLIS  USA,,128.92,הוצאה,חופשות וטיולים,FALSE,MAX 4398
16.4.2025,מאי.25,א.ב.י שטיפת רכב בע''מ,,129,הוצאה,רכב - שונות,FALSE,CAL 8973
29.4.2026,מאי.26,"מכבידנט בע""מ",,129.5,הוצאה,רפואת שיניים,FALSE,MAX 4398
20.1.2026,פבר׳.26,"מינימרקט קייזר בע""מ",,129.58,הוצאה,"מזון, סופר ומכולת",FALSE,CAL 8973
11.3.2026,אפר׳.26,לב השדה,,129.96,הוצאה,"מזון, סופר ומכולת",FALSE,CAL 8973
24.7.2025,אוג׳.25,א.ב.י שטיפת רכב בע''מ,,130,הוצאה,רכב - שונות,FALSE,CAL 8973
21.9.2025,אוק׳.25,פיצוחי מורנו,,130,הוצאה,"מזון, סופר ומכולת",FALSE,CAL 8973
11.3.2026,אפר׳.26,פיצוחי מורנו,,130.1,הוצאה,"מזון, סופר ומכולת",FALSE,CAL 8973
12.3.2025,אפר׳.25,פז אפליקצית-YELLOW,,130.28,הוצאה,דלק וטעינה,FALSE,MAX 4398
14.8.2025,ספט׳.25,"מי מודיעין בע""מ",,130.69,הוצאה,מים,FALSE,Bank Yahav
16.12.2025,ינו׳.26,"‫מי מודיעין בע""מ",,130.84,הוצאה,מים,FALSE,Bank Yahav
11.4.2025,מאי.25,ברשקה עזריאלי,,130.9,הוצאה,"בגדים, נעליים ואביזרים",FALSE,MAX 7495
26.2.2026,מרץ.26,קואופ מודיעין קייזר,,130.95,הוצאה,"מזון, סופר ומכולת",FALSE,CAL 8973
4.1.2026,ינו׳.26,"קשטן דאלי בע""מ",,131.3,הוצאה,"מזון, סופר ומכולת",FALSE,CAL 8973
20.4.2026,מאי.26,לב השדה,,132.05,הוצאה,"מזון, סופר ומכולת",FALSE,CAL 8973
2.11.2025,נוב׳.25,WOLT,,132.15,הוצאה,"מזון, סופר ומכולת",FALSE,CAL 8973
6.7.2025,יולי.25,פז אפליקצית-YELLOW,,132.24,הוצאה,דלק וטעינה,FALSE,MAX 4398
24.11.2025,דצמ׳.25,USCUSTOMS ESTA APPL PM INDIANAPOLIS  USA,,132.31,הוצאה,חופשות וטיולים,FALSE,MAX 4398
7.9.2025,ספט׳.25,סופר שוק יוחננוף,,132.6,הוצאה,"מזון, סופר ומכולת",FALSE,MAX 4398
26.2.2026,מרץ.26,הראל ביטוח חיים,,132.82,הוצאה,מטריה ביטוחית,TRUE,MAX 7495
7.1.2026,ינו׳.26,"מינימרקט קייזר בע""מ",,132.95,הוצאה,"מזון, סופר ומכולת",FALSE,CAL 8973
26.3.2026,אפר׳.26,הראל ביטוח חיים,,133.07,הוצאה,מטריה ביטוחית,TRUE,MAX 7495
10.1.2026,פבר׳.26,סיטי מרקט מודיעין,,133.2,הוצאה,"מזון, סופר ומכולת",FALSE,MAX 4398
26.1.2026,פבר׳.26,הראל ביטוח חיים,,133.2,הוצאה,מטריה ביטוחית,TRUE,MAX 7495
26.4.2026,מאי.26,הראל ביטוח חיים,,133.59,הוצאה,מטריה ביטוחית,TRUE,MAX 7495
15.3.2026,אפר׳.26,"מינימרקט קייזר בע""מ",,134.97,הוצאה,"מזון, סופר ומכולת",FALSE,CAL 8973
4.7.2025,יולי.25,לב השדה,,137.14,הוצאה,"מזון, סופר ומכולת",FALSE,CAL 8973
5.12.2025,דצמ׳.25,קואופ מודיעין קייזר,,137.82,הוצאה,"מזון, סופר ומכולת",FALSE,CAL 8973
31.10.2025,נוב׳.25,קנקון מודיעין/אשדוד,,138.16,הוצאה,"מזון, סופר ומכולת",FALSE,CAL 8973
21.1.2026,פבר׳.26,דרך ארץ הוראת קבע,,139.43,הוצאה,כבישי אגרה,FALSE,MAX 4398
1.1.2026,ינו׳.26,בי דראגסטורס מודיעין,,139.8,הוצאה,חנויות פארם ובתי מרקחת,FALSE,CAL 8973
25.11.2025,דצמ׳.25,מ.תחבורה - פנגו מוביט,,140,הוצאה,תחבורה ציבורית,FALSE,MAX 4398
21.12.2025,ינו׳.26,המקום של יפעת,,140,הוצאה,תכשיטים,FALSE,CAL 8973
20.1.2026,פבר׳.26,"דלתא ייעוץ והדרכות בע""מ",,140,הוצאה,כושר,FALSE,MAX 4398
25.1.2026,פבר׳.26,מ.תחבורה - פנגו מוביט,,140.5,הוצאה,תחבורה ציבורית,FALSE,MAX 4398
1.4.2025,אפר׳.25,גוטקס מותגים זארה מודיעין,,140.9,הוצאה,"בגדים, נעליים ואביזרים",FALSE,MAX 7495
4.11.2025,נוב׳.25,פז אפליקצית-YELLOW,,140.93,הוצאה,דלק וטעינה,FALSE,MAX 4398
17.7.2025,אוג׳.25,קואופ מודיעין קייזר,,142.1,הוצאה,"מזון, סופר ומכולת",FALSE,MAX 4398
14.4.2026,מאי.26,"מינימרקט קייזר בע""מ",,142.22,הוצאה,"מזון, סופר ומכולת",FALSE,CAL 8973
25.12.2025,ינו׳.26,הפניקס רכב חובה,,143,הוצאה,ביטוח רכב,TRUE,MAX 4398
22.2.2026,מרץ.26,IHERB IHERB.COM        IHERB.COM     NLD,,143.67,הוצאה,בריאות וטיפוח - אחר,FALSE,MAX 4398
13.11.2025,דצמ׳.25,סופר שוק יוחננוף,,144.2,הוצאה,"מזון, סופר ומכולת",FALSE,MAX 4398
20.3.2026,אפר׳.26,דרך ארץ הוראת קבע,,144.41,הוצאה,כבישי אגרה,FALSE,MAX 4398
25.7.2025,אוג׳.25,Temu.com,,144.75,הוצאה,קניות לבית - שונות,FALSE,CAL 8973
25.7.2025,אוג׳.25,Temu.com,,144.75,הוצאה,קניות לבית - שונות,FALSE,CAL 8973
8.10.2025,אוק׳.25,ג'וב האב-פאיימי,,145,הוצאה,יעוץ אנשי מקצוע - משפחה,FALSE,MAX 4398
26.2.2026,מרץ.26,סופר פארם קניון מודיעין 153,,145.4,הוצאה,חנויות פארם ובתי מרקחת,FALSE,CAL 8973
20.4.2026,מאי.26,קואופ מודיעין קייזר,,145.48,הוצאה,"מזון, סופר ומכולת",FALSE,CAL 8973
31.12.2025,ינו׳.26,‫ריבית,,145.79,הוצאה,ריבית ועמלות,FALSE,Bank Yahav
13.6.2025,יולי.25,"יוניברס מודיעין, ישפרו סנ",,146.8,הוצאה,"מזון, סופר ומכולת",FALSE,MAX 4398
28.11.2025,דצמ׳.25,"סופר פארם מ.דיין ראשל""צ 6",,148.5,הוצאה,חנויות פארם ובתי מרקחת,FALSE,MAX 7495
28.3.2025,אפר׳.25,איילון ביטוח חיים ובריאות,,148.58,הוצאה,ביטוח בריאות,TRUE,CAL 8973
16.3.2025,אפר׳.25,"ספייס מועדוני כושר בע""מ -",,149,הוצאה,כושר,FALSE,MAX 4398
15.5.2025,יוני.25,"ספייס מועדוני כושר בע""מ -",,149,הוצאה,כושר,FALSE,MAX 4398
27.6.2025,יולי.25,"ספייס מועדוני כושר בע""מ -",,149,הוצאה,כושר,FALSE,MAX 4398
15.7.2025,אוג׳.25,"ספייס מועדוני כושר בע""מ -",,149,הוצאה,כושר,FALSE,MAX 4398
28.4.2025,מאי.25,איילון ביטוח חיים ובריאות,,149.31,הוצאה,ביטוח בריאות,TRUE,CAL 8973
28.4.2025,מאי.25,הום סנטר גן שמואל,,149.8,הוצאה,קניות לבית - שונות,FALSE,CAL 8973
8.9.2025,ספט׳.25,בייסיק קידס,,149.9,הוצאה,"בגדים, נעליים ואביזרים",FALSE,CAL 8973
14.3.2025,אפר׳.25,הלה לוי ביו,,150,הוצאה,"מספרה, טיפוח ויופי",FALSE,MAX 4398
3.4.2025,אפר׳.25,הלה לוי ביו,,150,הוצאה,"מספרה, טיפוח ויופי",FALSE,Paybox
3.4.2025,אפר׳.25,הלה לוי ביו,,150,הוצאה,"מספרה, טיפוח ויופי",FALSE,MAX 4398
25.4.2025,מאי.25,הלה לוי ביו,,150,הוצאה,"מספרה, טיפוח ויופי",FALSE,Paybox
25.4.2025,מאי.25,הלה לוי ביו,,150,הוצאה,"מספרה, טיפוח ויופי",FALSE,MAX 4398
25.4.2025,מאי.25,עמית ❤️👨🏻,,150,הוצאה,לא מסווג,FALSE,BIT
22.5.2025,יוני.25,הלה לוי ביו,,150,הוצאה,"מספרה, טיפוח ויופי",FALSE,Paybox
22.5.2025,יוני.25,הלה לוי ביו,,150,הוצאה,"מספרה, טיפוח ויופי",FALSE,MAX 4398
12.6.2025,יולי.25,הלה לוי ביו,,150,הוצאה,"מספרה, טיפוח ויופי",FALSE,Paybox
12.6.2025,יולי.25,הלה לוי ביו,,150,הוצאה,"מספרה, טיפוח ויופי",FALSE,MAX 4398
4.7.2025,יולי.25,הלה לוי ביו,,150,הוצאה,"מספרה, טיפוח ויופי",FALSE,Paybox
4.7.2025,יולי.25,הלה לוי ביו,,150,הוצאה,"מספרה, טיפוח ויופי",FALSE,MAX 4398
25.7.2025,אוג׳.25,הלה לוי ביו,,150,הוצאה,"מספרה, טיפוח ויופי",FALSE,Paybox
25.7.2025,אוג׳.25,הלה לוי ביו,,150,הוצאה,"מספרה, טיפוח ויופי",FALSE,MAX 4398
8.8.2025,אוג׳.25,הלה לוי ביו,,150,הוצאה,"מספרה, טיפוח ויופי",FALSE,BIT
8.8.2025,אוג׳.25,הלה לוי ביו,,150,הוצאה,"מספרה, טיפוח ויופי",FALSE,MAX 4398
29.8.2025,ספט׳.25,הלה לוי ביו,,150,הוצאה,"מספרה, טיפוח ויופי",FALSE,BIT
29.8.2025,ספט׳.25,הלה לוי ביו,,150,הוצאה,"מספרה, טיפוח ויופי",FALSE,MAX 4398
10.10.2025,נוב׳.25,הלה לוי ביו,,150,הוצאה,"מספרה, טיפוח ויופי",FALSE,BIT
31.10.2025,נוב׳.25,הלה לוי ביו,,150,הוצאה,"מספרה, טיפוח ויופי",FALSE,BIT
3.11.2025,נוב׳.25,א. בן טוב רפואה בע?מ,,150,הוצאה,"שירותי בריאות, יעוץ וטיפול",FALSE,MAX 4398
21.11.2025,דצמ׳.25,הלה לוי ביו,,150,הוצאה,"מספרה, טיפוח ויופי",FALSE,MAX 4398
30.11.2025,דצמ׳.25,בייסיק קידס,,150,הוצאה,"בגדים, נעליים ואביזרים",FALSE,CAL 8973
11.12.2025,ינו׳.26,הלה לוי ביו,,150,הוצאה,"מספרה, טיפוח ויופי",FALSE,MAX 4398
22.12.2025,ינו׳.26,יהב,,150,הוצאה,משיכה מכספומט,FALSE,CAL 8973
27.6.2025,יולי.25,איילון ביטוח חיים ובריאות,,150.47,הוצאה,ביטוח בריאות,TRUE,CAL 8973
28.5.2025,יוני.25,איילון ביטוח חיים ובריאות,,150.92,הוצאה,ביטוח בריאות,TRUE,CAL 8973
29.7.2025,אוג׳.25,איילון ביטוח חיים ובריאות,,150.93,הוצאה,ביטוח בריאות,TRUE,CAL 8973
25.2.2026,מרץ.26,איילון ביטוח חיים ובריאות,,151.21,הוצאה,ביטוח בריאות,TRUE,CAL 8973
30.3.2025,אפר׳.25,SURF-ANYWHERE.COM*MCB  ZEEWOLDE      NLD,,151.49,הוצאה,לא מסווג,FALSE,MAX 4398
28.8.2025,ספט׳.25,איילון ביטוח חיים ובריאות,,151.5,הוצאה,ביטוח בריאות,TRUE,CAL 8973
30.3.2026,אפר׳.26,איילון ביטוח חיים ובריאות,,151.5,הוצאה,ביטוח בריאות,TRUE,CAL 8973
29.12.2025,ינו׳.26,איילון ביטוח חיים ובריאות,,151.65,הוצאה,ביטוח בריאות,TRUE,CAL 8973
28.1.2026,פבר׳.26,איילון ביטוח חיים ובריאות,,151.65,הוצאה,ביטוח בריאות,TRUE,CAL 8973
29.10.2025,נוב׳.25,איילון ביטוח חיים ובריאות,,151.66,הוצאה,ביטוח בריאות,TRUE,CAL 8973
9.5.2025,מאי.25,לב השדה,,151.72,הוצאה,"מזון, סופר ומכולת",FALSE,CAL 8973
20.8.2025,ספט׳.25,לוגודביק,,152,הוצאה,אחזקת בית ותיקונים,FALSE,MAX 7495
29.4.2026,מאי.26,איילון ביטוח חיים ובריאות,,152.09,הוצאה,ביטוח בריאות,TRUE,CAL 8973
27.11.2025,דצמ׳.25,איילון ביטוח חיים ובריאות,,152.38,הוצאה,ביטוח בריאות,TRUE,CAL 8973
29.9.2025,אוק׳.25,איילון ביטוח חיים ובריאות,,152.53,הוצאה,ביטוח בריאות,TRUE,CAL 8973
12.8.2025,ספט׳.25,פז אפליקצית-YELLOW,,152.86,הוצאה,דלק וטעינה,FALSE,MAX 4398
4.4.2026,אפר׳.26,סיטי מרקט - מורשת,,153.5,הוצאה,"מזון, סופר ומכולת",FALSE,MAX 7495
18.2.2026,מרץ.26,"‫מי מודיעין בע""מ",,154.05,הוצאה,מים,FALSE,Bank Yahav
25.7.2025,אוג׳.25,מ.תחבורה - פנגו מוביט,,155,הוצאה,תחבורה ציבורית,FALSE,MAX 4398
30.11.2025,דצמ׳.25,אייץ' אנד או מודיעין,,155.19,הוצאה,"בגדים, נעליים ואביזרים",FALSE,CAL 8973
19.5.2025,יוני.25,Temu.com,,155.7,הוצאה,קניות לבית - שונות,FALSE,CAL 8973
19.5.2025,יוני.25,Temu.com,,155.7,הוצאה,קניות לבית - שונות,FALSE,CAL 8973
16.10.2025,נוב׳.25,פרופיט מודיעין-רגיל,,156,הוצאה,כושר,FALSE,MAX 4398
16.4.2026,מאי.26,קואופ מודיעין קייזר,,157.39,הוצאה,"מזון, סופר ומכולת",FALSE,CAL 8973
24.10.2025,נוב׳.25,ריקושט,,157.43,הוצאה,ציוד צבאי,FALSE,CAL 8973
8.6.2025,יוני.25,Gett,,158,הוצאה,חופשות וטיולים,FALSE,CAL 4015
19.9.2025,אוק׳.25,MAC מודיעין- גמא,,158,הוצאה,בריאות וטיפוח - אחר,FALSE,CAL 8973
20.1.2026,פבר׳.26,פז אפליקצית-YELLOW,,158.46,הוצאה,דלק וטעינה,FALSE,MAX 4398
31.7.2025,אוג׳.25,פז אפליקצית-YELLOW,,159.12,הוצאה,דלק וטעינה,FALSE,MAX 4398
14.5.2025,יוני.25,שופרסל דיל מודיעין,,159.23,הוצאה,"מזון, סופר ומכולת",FALSE,CAL 8973
20.8.2025,ספט׳.25,פול אנד בר קניון הזהב ראש,,159.9,הוצאה,"בגדים, נעליים ואביזרים",FALSE,MAX 7495
3.4.2025,אפר׳.25,SP STAMPIL             CRESSKILL     USA,,159.99,הוצאה,מתנות ואירועים,FALSE,MAX 4398
9.5.2025,מאי.25,הלה לוי ביו,,160,הוצאה,"מספרה, טיפוח ויופי",FALSE,Paybox
9.5.2025,מאי.25,הלה לוי ביו,,160,הוצאה,"מספרה, טיפוח ויופי",FALSE,MAX 4398
31.7.2025,אוג׳.25,שושי -אין פרחים כאלה,,160,הוצאה,מתנות,FALSE,MAX 4398
1.1.2026,ינו׳.26,הלה לוי ביו,,160,הוצאה,"מספרה, טיפוח ויופי",FALSE,Paybox
19.1.2026,פבר׳.26,הלה לוי ביו,,160,הוצאה,"מספרה, טיפוח ויופי",FALSE,Paybox
9.2.2026,פבר׳.26,הלה לוי ביו,,160,הוצאה,"מספרה, טיפוח ויופי",FALSE,Paybox
27.2.2026,מרץ.26,הלה לוי ביו,,160,הוצאה,"מספרה, טיפוח ויופי",FALSE,Paybox
27.2.2026,מרץ.26,הלה לוי ביו,,160,הוצאה,"מספרה, טיפוח ויופי",FALSE,MAX 4398
26.3.2026,אפר׳.26,הלה לוי ביו,,160,הוצאה,"מספרה, טיפוח ויופי",FALSE,Paybox
26.3.2026,אפר׳.26,הלה לוי ביו,,160,הוצאה,"מספרה, טיפוח ויופי",FALSE,MAX 4398
17.4.2026,מאי.26,הלה לוי ביו,,160,הוצאה,"מספרה, טיפוח ויופי",FALSE,BIT
9.5.2026,מאי.26,הלה לוי ביו,,160,הוצאה,"מספרה, טיפוח ויופי",FALSE,BIT
3.4.2025,אפר׳.25,"קשטן דאלי בע""מ",,160.3,הוצאה,"מזון, סופר ומכולת",FALSE,CAL 8973
20.6.2025,יולי.25,דרך ארץ הוראת קבע,,160.82,הוצאה,כבישי אגרה,FALSE,MAX 4398
8.5.2026,מאי.26,YANGO DELI - APPLE PAY,,161.15,הוצאה,"מזון, סופר ומכולת",FALSE,MAX 4398
16.11.2025,דצמ׳.25,פז אפליקצית-YELLOW,,162.08,הוצאה,דלק וטעינה,FALSE,MAX 4398
15.10.2025,נוב׳.25,פז אפליקצית-YELLOW,,162.99,הוצאה,דלק וטעינה,FALSE,MAX 4398
22.1.2025,פבר׳.25,העברת כספים bit,,163,הוצאה,"מזון, סופר ומכולת",FALSE,BIT
19.4.2026,מאי.26,"בלי קמח בע""מ",,163,הוצאה,"מזון, סופר ומכולת",FALSE,CAL 8973
12.4.2026,מאי.26,LOVABLE DOVER,,163.29,הוצאה,בינה מלאכותית,FALSE,MAX 4398
23.1.2026,פבר׳.26,CARREFOUR מכבים- יציל,,163.3,הוצאה,"מזון, סופר ומכולת",FALSE,MAX 4398
21.9.2025,אוק׳.25,דרך ארץ הוראת קבע,,165.7,הוצאה,כבישי אגרה,FALSE,MAX 4398
16.3.2025,אפר׳.25,חשבון לשרותי סלקום,,165.97,הוצאה,"תקשורת, טלויזיה ואינטרנט",FALSE,MAX 7495
16.4.2025,מאי.25,חשבון לשרותי סלקום,,165.97,הוצאה,"תקשורת, טלויזיה ואינטרנט",FALSE,MAX 7495
16.5.2025,יוני.25,חשבון לשרותי סלקום,,165.97,הוצאה,"תקשורת, טלויזיה ואינטרנט",FALSE,MAX 7495
16.6.2025,יולי.25,חשבון לשרותי סלקום,,165.97,הוצאה,"תקשורת, טלויזיה ואינטרנט",FALSE,MAX 7495
16.7.2025,אוג׳.25,חשבון לשרותי סלקום,,165.97,הוצאה,"תקשורת, טלויזיה ואינטרנט",FALSE,MAX 7495
16.8.2025,ספט׳.25,חשבון לשרותי סלקום,,165.97,הוצאה,"תקשורת, טלויזיה ואינטרנט",FALSE,MAX 7495
16.9.2025,אוק׳.25,חשבון לשרותי סלקום,,165.97,הוצאה,"תקשורת, טלויזיה ואינטרנט",FALSE,MAX 7495
16.10.2025,נוב׳.25,חשבון לשרותי סלקום,,165.97,הוצאה,"תקשורת, טלויזיה ואינטרנט",FALSE,MAX 7495
16.12.2025,ינו׳.26,חשבון לשרותי סלקום,,165.97,הוצאה,"תקשורת, טלויזיה ואינטרנט",FALSE,MAX 7495
16.1.2026,פבר׳.26,חשבון לשרותי סלקום,,165.97,הוצאה,"תקשורת, טלויזיה ואינטרנט",FALSE,MAX 7495
16.2.2026,מרץ.26,חשבון לשרותי סלקום,,165.97,הוצאה,"תקשורת, טלויזיה ואינטרנט",FALSE,MAX 7495
16.4.2026,מאי.26,"סלקום ישראל ישראל בע""מ",,165.97,הוצאה,"תקשורת, טלויזיה ואינטרנט",FALSE,MAX 7495
28.3.2025,אפר׳.25,הפניקס חיים ובריאות,,166,הוצאה,ביטוח למקרה פטירה וריסק,TRUE,CAL 4015
20.10.2025,נוב׳.25,"מינימרקט קייזר בע""מ",,166.13,הוצאה,"מזון, סופר ומכולת",FALSE,CAL 8973
28.10.2025,נוב׳.25,פז אפליקצית-YELLOW,,166.31,הוצאה,דלק וטעינה,FALSE,MAX 4398
24.10.2025,נוב׳.25,פז אפליקצית-YELLOW,,166.45,הוצאה,דלק וטעינה,FALSE,MAX 4398
16.3.2026,אפר׳.26,חשבון לשרותי סלקום,,166.97,הוצאה,"תקשורת, טלויזיה ואינטרנט",FALSE,MAX 7495
28.4.2025,מאי.25,הפניקס חיים ובריאות,,167,הוצאה,ביטוח למקרה פטירה וריסק,TRUE,CAL 4015
9.3.2026,מרץ.26,"מינימרקט קייזר בע""מ",,167.04,הוצאה,"מזון, סופר ומכולת",FALSE,MAX 7495
16.11.2025,דצמ׳.25,חשבון לשרותי סלקום,,167.36,הוצאה,"תקשורת, טלויזיה ואינטרנט",FALSE,MAX 7495
22.3.2026,אפר׳.26,לב השדה,,167.67,הוצאה,"מזון, סופר ומכולת",FALSE,CAL 8973
12.2.2026,מרץ.26,"מינימרקט קייזר בע""מ",,167.77,הוצאה,"מזון, סופר ומכולת",FALSE,CAL 8973
27.6.2025,יולי.25,הפניקס חיים ובריאות,,168,הוצאה,ביטוח למקרה פטירה וריסק,TRUE,CAL 4015
5.5.2026,מאי.26,סופר פארם קניון מודיעין 153,,168.02,הוצאה,חנויות פארם ובתי מרקחת,FALSE,CAL 8973
17.5.2025,יוני.25,פז אפליקצית-YELLOW,,168.39,הוצאה,דלק וטעינה,FALSE,MAX 4398
28.5.2025,יוני.25,הפניקס חיים ובריאות,,169,הוצאה,ביטוח למקרה פטירה וריסק,TRUE,CAL 4015
29.7.2025,אוג׳.25,הפניקס חיים ובריאות,,169,הוצאה,ביטוח למקרה פטירה וריסק,TRUE,CAL 4015
18.10.2025,נוב׳.25,"פרופיט מודיעין-הו""ק",,169,הוצאה,כושר,FALSE,MAX 4398
18.11.2025,דצמ׳.25,"פרופיט מודיעין-הו""ק",,169,הוצאה,כושר,FALSE,MAX 4398
18.12.2025,ינו׳.26,"פרופיט מודיעין-הו""ק",,169,הוצאה,כושר,FALSE,MAX 4398
22.12.2025,ינו׳.26,BASE44                 NEW YORK      USA,,169,הוצאה,בינה מלאכותית,FALSE,MAX 4398
18.1.2026,פבר׳.26,"פרופיט מודיעין-הו""ק",,169,הוצאה,כושר,FALSE,MAX 4398
18.2.2026,מרץ.26,"פרופיט מודיעין-הו""ק",,169,הוצאה,כושר,FALSE,MAX 4398
18.3.2026,אפר׳.26,"פרופיט מודיעין-הו""ק",,169,הוצאה,כושר,FALSE,MAX 4398
18.4.2026,מאי.26,"פרופיט מודיעין-הו""ק",,169,הוצאה,כושר,FALSE,MAX 4398
13.5.2025,יוני.25,דוכן גן שמואל,,169.64,הוצאה,"מזון, סופר ומכולת",FALSE,CAL 8973
31.10.2025,נוב׳.25,רנואר ביג גלילות-גמא,,169.9,הוצאה,"בגדים, נעליים ואביזרים",FALSE,MAX 7495
2.4.2025,אפר׳.25,מכון נדב,,170,הוצאה,יעוץ אנשי מקצוע - משפחה,FALSE,MAX 4398
29.8.2025,ספט׳.25,הפניקס חיים ובריאות,,170,הוצאה,ביטוח למקרה פטירה וריסק,TRUE,CAL 4015
17.8.2025,ספט׳.25,קואופ מודיעין קייזר,,170.3,הוצאה,"מזון, סופר ומכולת",FALSE,CAL 8973
26.3.2025,אפר׳.25,הראל ביטוח חיים,,171,הוצאה,ביטוח משכנתא,TRUE,CAL 4015
27.4.2025,מאי.25,הראל ביטוח חיים,,171,הוצאה,ביטוח משכנתא,TRUE,CAL 4015
28.9.2025,אוק׳.25,הפניקס חיים ובריאות,,171,הוצאה,ביטוח למקרה פטירה וריסק,TRUE,CAL 4015
22.11.2025,דצמ׳.25,YANGO DELI - APPLE PAY,,171.49,הוצאה,"מזון, סופר ומכולת",FALSE,MAX 4398
9.6.2025,יוני.25,Temu.com,,172.08,הוצאה,קניות לבית - שונות,FALSE,CAL 8973
9.6.2025,יוני.25,Temu.com,,172.08,הוצאה,קניות לבית - שונות,FALSE,CAL 8973
21.10.2025,נוב׳.25,דרך ארץ הוראת קבע,,172.16,הוצאה,כבישי אגרה,FALSE,MAX 4398
24.4.2026,מאי.26,סונול סמדר,,172.23,הוצאה,דלק וטעינה,FALSE,MAX 7495
26.5.2025,יוני.25,הראל ביטוח חיים,,173,הוצאה,ביטוח משכנתא,TRUE,CAL 4015
26.6.2025,יולי.25,הראל ביטוח חיים,,173,הוצאה,ביטוח משכנתא,TRUE,CAL 4015
27.7.2025,אוג׳.25,הראל ביטוח חיים,,173,הוצאה,ביטוח משכנתא,TRUE,CAL 4015
5.2.2026,פבר׳.26,טיב טעם רשתות - צומת סביו,,173.2,הוצאה,"מזון, סופר ומכולת",FALSE,MAX 4398
10.9.2025,אוק׳.25,קואופ מודיעין קייזר,,173.42,הוצאה,"מזון, סופר ומכולת",FALSE,CAL 8973
25.4.2025,מאי.25,מ.תחבורה - פנגו מוביט,,173.5,הוצאה,תחבורה ציבורית,FALSE,MAX 4398
27.1.2026,פבר׳.26,קואופ מודיעין קייזר,,173.8,הוצאה,"מזון, סופר ומכולת",FALSE,CAL 8973
10.4.2026,מאי.26,דור אלון בזל פתח תקווה,,174.89,הוצאה,דלק וטעינה,FALSE,MAX 7495
19.11.2025,דצמ׳.25,מורשת פילאטיס,,175,הוצאה,כושר,FALSE,MAX 4398
3.2.2026,פבר׳.26,חניון חלונות,,175.56,הוצאה,חניה,FALSE,CAL 8973
27.11.2025,דצמ׳.25,"מינימרקט קייזר בע""מ",,175.8,הוצאה,"מזון, סופר ומכולת",FALSE,CAL 8973
5.4.2025,אפר׳.25,הייטקזון - מתנות ואתר,,176,הוצאה,חשמל ואלקטרוניקה,FALSE,CAL 8973
2.12.2025,דצמ׳.25,פז אפליקצית-YELLOW,,176.1,הוצאה,דלק וטעינה,FALSE,MAX 4398
7.9.2025,ספט׳.25,פז אפליקצית-YELLOW,,177.22,הוצאה,דלק וטעינה,FALSE,MAX 4398
1.1.2026,ינו׳.26,לב השדה,,177.34,הוצאה,"מזון, סופר ומכולת",FALSE,CAL 8973
21.12.2025,ינו׳.26,פז אפליקצית-YELLOW,,178.52,הוצאה,דלק וטעינה,FALSE,MAX 4398
27.3.2025,אפר׳.25,שופרסל דיל מודיעין,,179.3,הוצאה,"מזון, סופר ומכולת",FALSE,MAX 4398
17.5.2025,יוני.25,MY BLUE BIRD,,180,הוצאה,קורסים והרצאות,FALSE,MAX 4398
4.12.2025,דצמ׳.25,מטפסים,,180,הוצאה,תחביבים,FALSE,MAX 4398
4.12.2025,דצמ׳.25,מטפסים,,180,הוצאה,תחביבים,FALSE,MAX 4398
4.3.2026,מרץ.26,הראל ביטוח חיים,,180.46,הוצאה,ביטוח משכנתא,TRUE,MAX 7495
15.6.2025,יולי.25,קואופ מודיעין קייזר,,180.5,הוצאה,"מזון, סופר ומכולת",FALSE,MAX 4398
16.9.2025,אוק׳.25,הראל ביטוח חיים,,180.8,הוצאה,ביטוח משכנתא,TRUE,MAX 7495
3.4.2026,אפר׳.26,הראל ביטוח חיים,,180.8,הוצאה,ביטוח משכנתא,TRUE,MAX 7495
3.11.2025,נוב׳.25,הראל ביטוח חיים,,180.98,הוצאה,ביטוח משכנתא,TRUE,MAX 7495
4.1.2026,ינו׳.26,הראל ביטוח חיים,,180.98,הוצאה,ביטוח משכנתא,TRUE,MAX 7495
3.2.2026,פבר׳.26,הראל ביטוח חיים,,180.98,הוצאה,ביטוח משכנתא,TRUE,MAX 7495
26.8.2025,ספט׳.25,הראל ביטוח חיים,,181,הוצאה,ביטוח משכנתא,TRUE,CAL 4015
9.7.2025,יולי.25,קואופ מודיעין קייזר,,181.1,הוצאה,"מזון, סופר ומכולת",FALSE,CAL 8973
15.10.2025,נוב׳.25,"יוניברס מודיעין, ישפרו סנטר",,181.1,הוצאה,"מזון, סופר ומכולת",FALSE,CAL 8973
3.5.2026,מאי.26,הראל ביטוח חיים,,181.5,הוצאה,ביטוח משכנתא,TRUE,MAX 7495
3.12.2025,דצמ׳.25,הראל ביטוח חיים,,181.85,הוצאה,ביטוח משכנתא,TRUE,MAX 7495
3.10.2025,אוק׳.25,הראל ביטוח חיים,,182.02,הוצאה,ביטוח משכנתא,TRUE,MAX 7495
13.6.2025,יולי.25,לב השדה,,182.25,הוצאה,"מזון, סופר ומכולת",FALSE,CAL 8973
20.4.2025,מאי.25,פז אפליקצית-YELLOW,,182.58,הוצאה,דלק וטעינה,FALSE,MAX 4398
10.5.2025,יוני.25,פז אפליקצית-YELLOW,,183.68,הוצאה,דלק וטעינה,FALSE,MAX 4398
23.11.2025,דצמ׳.25,פז אפליקצית-YELLOW,,184.07,הוצאה,דלק וטעינה,FALSE,MAX 4398
24.2.2026,מרץ.26,קואופ מודיעין קייזר,,184.57,הוצאה,"מזון, סופר ומכולת",FALSE,CAL 8973
16.11.2025,דצמ׳.25,חשבון לשרותי סלקום,,184.78,הוצאה,"תקשורת, טלויזיה ואינטרנט",FALSE,MAX 7495
12.12.2025,ינו׳.26,קואופ מודיעין קייזר,,185.62,הוצאה,"מזון, סופר ומכולת",FALSE,CAL 8973
11.1.2026,פבר׳.26,קואופ מודיעין קייזר,,185.8,הוצאה,"מזון, סופר ומכולת",FALSE,CAL 8973
19.6.2025,יולי.25,פז אפליקצית-YELLOW,,185.85,הוצאה,דלק וטעינה,FALSE,MAX 4398
29.4.2025,מאי.25,YANGO DELI - APPLE PAY,,188.17,הוצאה,"מזון, סופר ומכולת",FALSE,MAX 4398
12.7.2025,אוג׳.25,פז אפליקצית-YELLOW,,188.19,הוצאה,דלק וטעינה,FALSE,MAX 4398
3.1.2026,ינו׳.26,"ג'ירף-נונו ג'ירף מודיעין בע""מ",,189,הוצאה,אוכלים בחוץ,FALSE,CAL 8973
5.5.2026,מאי.26,פז אפליקצית- YELLOW,,189.41,הוצאה,דלק וטעינה,FALSE,MAX 4398
28.3.2025,אפר׳.25,פז אפליקצית-YELLOW,,189.6,הוצאה,דלק וטעינה,FALSE,MAX 4398
1.10.2025,אוק׳.25,זארה ביג פאשן גלילות,,189.9,הוצאה,"בגדים, נעליים ואביזרים",FALSE,MAX 7495
4.2.2026,פבר׳.26,פז אפליקצית-YELLOW,,190.94,הוצאה,דלק וטעינה,FALSE,MAX 4398
12.2.2026,מרץ.26,פז אפליקצית-YELLOW,,191.72,הוצאה,דלק וטעינה,FALSE,MAX 4398
24.3.2026,אפר׳.26,"מינימרקט קייזר בע""מ",,193.04,הוצאה,"מזון, סופר ומכולת",FALSE,CAL 8973
10.8.2025,ספט׳.25,סופר פארם קניון מודיעין 153,,193.5,הוצאה,חנויות פארם ובתי מרקחת,FALSE,CAL 8973
12.5.2025,יוני.25,ליאור עדיקה - סניף מודיעי,,193.9,הוצאה,חנויות פארם ובתי מרקחת,FALSE,MAX 4398
12.7.2025,אוג׳.25,WOLT,,193.9,הוצאה,אוכלים בחוץ - עמית,FALSE,MAX 7495
14.1.2026,פבר׳.26,פז אפליקצית-YELLOW,,194.7,הוצאה,דלק וטעינה,FALSE,MAX 4398
21.7.2025,אוג׳.25,דרך ארץ הוראת קבע,,194.94,הוצאה,כבישי אגרה,FALSE,MAX 4398
12.11.2025,דצמ׳.25,"פניני טבע אורגני בע""מ-צמרת",,195.11,הוצאה,"מזון, סופר ומכולת",FALSE,CAL 8973
28.4.2025,מאי.25,דוכן גן שמואל,,195.23,הוצאה,"מזון, סופר ומכולת",FALSE,CAL 8973
25.9.2025,אוק׳.25,פז אפליקצית-YELLOW,,195.55,הוצאה,דלק וטעינה,FALSE,MAX 4398
18.2.2026,מרץ.26,HOUSEOFCLUES,,196.55,הוצאה,מתנות ואירועים,FALSE,MAX 4398
28.3.2025,אפר׳.25,הפניקס חיים ובריאות,,197,הוצאה,ביטוח אבדן כושר עבודה,TRUE,MAX 7495
29.10.2025,נוב׳.25,הפניקס חיים ובריאות,,197,הוצאה,ביטוח למקרה פטירה וריסק,TRUE,CAL 4015
29.12.2025,ינו׳.26,הפניקס חיים ובריאות,,197,הוצאה,ביטוח למקרה פטירה וריסק,TRUE,CAL 4015
28.1.2026,פבר׳.26,הפניקס חיים ובריאות,,197,הוצאה,ביטוח למקרה פטירה וריסק,TRUE,CAL 4015
25.2.2026,מרץ.26,הפניקס חיים ובריאות,,197,הוצאה,ביטוח למקרה פטירה וריסק,TRUE,CAL 4015
29.3.2026,אפר׳.26,הפניקס חיים ובריאות,,197,הוצאה,ביטוח למקרה פטירה וריסק,TRUE,CAL 4015
28.4.2025,מאי.25,הפניקס חיים ובריאות,,198,הוצאה,ביטוח אבדן כושר עבודה,TRUE,MAX 7495
29.4.2025,מאי.25,דור אלון מגל מערב,,198,הוצאה,דלק וטעינה,FALSE,CAL 4015
27.11.2025,דצמ׳.25,הפניקס חיים ובריאות,,198,הוצאה,ביטוח למקרה פטירה וריסק,TRUE,CAL 4015
28.4.2026,מאי.26,הפניקס חיים ובריאות,,198,הוצאה,ביטוח למקרה פטירה ריסק,TRUE,CAL 4015
11.11.2025,דצמ׳.25,פז אפליקצית-YELLOW,,198.55,הוצאה,דלק וטעינה,FALSE,MAX 4398
20.11.2025,דצמ׳.25,דרך ארץ הוראת קבע,,199.18,הוצאה,כבישי אגרה,FALSE,MAX 4398
29.11.2025,דצמ׳.25,WOLT,,199.9,הוצאה,"מזון, סופר ומכולת",FALSE,CAL 8973
6.4.2025,אפר׳.25,ברדלי,,200,הוצאה,"בגדים, נעליים ואביזרים",FALSE,CAL 8973
27.5.2025,יוני.25,סיגל אלרואי ספרית,,200,הוצאה,"מספרה, טיפוח ויופי",FALSE,BIT
28.5.2025,יוני.25,הפניקס חיים ובריאות,,200,הוצאה,ביטוח אבדן כושר עבודה,TRUE,MAX 7495
27.6.2025,יולי.25,הפניקס חיים ובריאות,,200,הוצאה,ביטוח אבדן כושר עבודה,TRUE,MAX 7495
29.7.2025,אוג׳.25,הפניקס חיים ובריאות,,200,הוצאה,ביטוח אבדן כושר עבודה,TRUE,MAX 7495
25.8.2025,ספט׳.25,יהב,,200,הוצאה,משיכה מכספומט,FALSE,CAL 4015
23.10.2025,נוב׳.25,מספרת סיגל ויריב מעצבי שי,,200,הוצאה,"מספרה, טיפוח ויופי",FALSE,MAX 4398
14.11.2025,דצמ׳.25,"פול אנד בר פ""ת",,200,הוצאה,"בגדים, נעליים ואביזרים",FALSE,MAX 7495
26.11.2025,דצמ׳.25,"הודיס בע""מ-גמא",,200,הוצאה,"בגדים, נעליים ואביזרים",FALSE,CAL 8973
29.3.2026,אפר׳.26,סיגל אלרואי ספרית,,200,הוצאה,"מספרה, טיפוח ויופי",FALSE,BIT
26.4.2026,מאי.26,ברדלי,,200,הוצאה,"בגדים, נעליים ואביזרים",FALSE,MAX 7495
16.5.2025,יוני.25,חשבון לשרותי סלקום,,200.28,הוצאה,"תקשורת, טלויזיה ואינטרנט",FALSE,MAX 7495
16.6.2025,יולי.25,חשבון לשרותי סלקום,,200.66,הוצאה,"תקשורת, טלויזיה ואינטרנט",FALSE,MAX 7495
16.7.2025,אוג׳.25,חשבון לשרותי סלקום,,200.66,הוצאה,"תקשורת, טלויזיה ואינטרנט",FALSE,MAX 7495
16.8.2025,ספט׳.25,חשבון לשרותי סלקום,,200.66,הוצאה,"תקשורת, טלויזיה ואינטרנט",FALSE,MAX 7495
16.9.2025,אוק׳.25,חשבון לשרותי סלקום,,200.66,הוצאה,"תקשורת, טלויזיה ואינטרנט",FALSE,MAX 7495
16.10.2025,נוב׳.25,חשבון לשרותי סלקום,,200.66,הוצאה,"תקשורת, טלויזיה ואינטרנט",FALSE,MAX 7495
16.12.2025,ינו׳.26,חשבון לשרותי סלקום,,200.66,הוצאה,"תקשורת, טלויזיה ואינטרנט",FALSE,MAX 7495
16.1.2026,פבר׳.26,חשבון לשרותי סלקום,,200.66,הוצאה,"תקשורת, טלויזיה ואינטרנט",FALSE,MAX 7495
16.2.2026,מרץ.26,חשבון לשרותי סלקום,,200.66,הוצאה,"תקשורת, טלויזיה ואינטרנט",FALSE,MAX 7495
16.3.2026,אפר׳.26,חשבון לשרותי סלקום,,200.66,הוצאה,"תקשורת, טלויזיה ואינטרנט",FALSE,MAX 7495
16.4.2026,מאי.26,"סלקום ישראל ישראל בע""מ",,200.66,הוצאה,"תקשורת, טלויזיה ואינטרנט",FALSE,MAX 7495
6.8.2025,אוג׳.25,פז אפליקצית-YELLOW,,200.95,הוצאה,דלק וטעינה,FALSE,MAX 4398
29.8.2025,ספט׳.25,הפניקס חיים ובריאות,,201,הוצאה,ביטוח אבדן כושר עבודה,TRUE,MAX 7495
15.4.2026,מאי.26,‫חברת החשמל לישר,,201.34,הוצאה,חשמל,FALSE,Bank Yahav
1.10.2025,אוק׳.25,"מינימרקט קייזר בע""מ",,202.68,הוצאה,"מזון, סופר ומכולת",FALSE,CAL 8973
28.9.2025,אוק׳.25,הפניקס חיים ובריאות,,203,הוצאה,ביטוח אבדן כושר עבודה,TRUE,MAX 7495
21.12.2025,ינו׳.26,דרך ארץ הוראת קבע,,204.16,הוצאה,כבישי אגרה,FALSE,MAX 4398
22.7.2025,אוג׳.25,פז אפליקצית-YELLOW,,207.96,הוצאה,דלק וטעינה,FALSE,MAX 4398
24.8.2025,ספט׳.25,פז אפליקצית-YELLOW,,208.26,הוצאה,דלק וטעינה,FALSE,MAX 4398
13.4.2026,מאי.26,שופרסל אקספרס מאירוביץ רא,,208.28,הוצאה,"מזון, סופר ומכולת",FALSE,MAX 7495
13.12.2025,ינו׳.26,פז אפליקצית-YELLOW,,208.86,הוצאה,דלק וטעינה,FALSE,MAX 4398
3.4.2025,אפר׳.25,נתח קצבים -מודיעין,,210.24,הוצאה,"מזון, סופר ומכולת",FALSE,CAL 8973
19.2.2026,מרץ.26,דקאתלון,,210.4,הוצאה,"בגדים, נעליים ואביזרים",FALSE,CAL 8973
20.4.2026,מאי.26,פז אפליקצית- YELLOW,,210.5,הוצאה,דלק וטעינה,FALSE,MAX 4398
3.4.2025,אפר׳.25,לב השדה,,210.85,הוצאה,"מזון, סופר ומכולת",FALSE,CAL 8973
25.2.2026,מרץ.26,הפניקס חיים ובריאות,,212,הוצאה,ביטוח אבדן כושר עבודה,TRUE,MAX 7495
27.3.2025,אפר׳.25,YANGO DELI - APPLE PAY,,212.8,הוצאה,"מזון, סופר ומכולת",FALSE,MAX 4398
11.4.2025,מאי.25,לב השדה,,212.99,הוצאה,"מזון, סופר ומכולת",FALSE,CAL 8973
29.12.2025,ינו׳.26,הפניקס חיים ובריאות,,213,הוצאה,ביטוח אבדן כושר עבודה,TRUE,MAX 7495
28.1.2026,פבר׳.26,הפניקס חיים ובריאות,,213,הוצאה,ביטוח אבדן כושר עבודה,TRUE,MAX 7495
29.3.2026,אפר׳.26,הפניקס חיים ובריאות,,213,הוצאה,ביטוח אבדן כושר עבודה,TRUE,MAX 7495
28.4.2026,מאי.26,הפניקס חיים ובריאות,,213,הוצאה,ביטוח אובדן כושר עבודה,TRUE,MAX 7495
2.1.2026,ינו׳.26,דלק מנטה קמעונאות דרכים ב,,213.32,הוצאה,דלק וטעינה,FALSE,MAX 4398
15.2.2026,מרץ.26,‫חברת החשמל לישר,,213.79,הוצאה,חשמל,FALSE,Bank Yahav
27.11.2025,דצמ׳.25,הפניקס חיים ובריאות,,214,הוצאה,ביטוח אבדן כושר עבודה,TRUE,MAX 7495
12.4.2025,מאי.25,פז YELLOW מודיעין החדשה,,215,הוצאה,דלק וטעינה,FALSE,CAL 4015
24.1.2026,פבר׳.26,"טיב טעם רשתות בע""מ- מודיע",,215.4,הוצאה,"מזון, סופר ומכולת",FALSE,MAX 4398
25.5.2025,יוני.25,פז אפליקצית-YELLOW,,215.69,הוצאה,דלק וטעינה,FALSE,MAX 4398
13.3.2026,אפר׳.26,YANGO DELI - APPLE PAY,,217.4,הוצאה,"מזון, סופר ומכולת",FALSE,MAX 4398
14.4.2025,מאי.25,פז YELLOW מודיעין החדשה,,218,הוצאה,דלק וטעינה,FALSE,CAL 4015
30.9.2025,אוק׳.25,ג'רף ראשון לציון,,218,הוצאה,אוכלים בחוץ,FALSE,CAL 8973
17.8.2025,ספט׳.25,פז אפליקצית-YELLOW,,218.7,הוצאה,דלק וטעינה,FALSE,MAX 4398
15.3.2025,אפר׳.25,פז אפליקצית-YELLOW,,218.73,הוצאה,דלק וטעינה,FALSE,MAX 4398
29.10.2025,נוב׳.25,הפניקס חיים ובריאות,,224,הוצאה,ביטוח אבדן כושר עבודה,TRUE,MAX 7495
2.11.2025,נוב׳.25,קואופ מודיעין קייזר,,224.08,הוצאה,"מזון, סופר ומכולת",FALSE,CAL 8973
20.8.2025,ספט׳.25,דרך ארץ הוראת קבע,,224.18,הוצאה,כבישי אגרה,FALSE,MAX 4398
30.10.2025,נוב׳.25,"מינימרקט קייזר בע""מ",,225,הוצאה,"מזון, סופר ומכולת",FALSE,CAL 8973
27.2.2026,מרץ.26,דור אנרגיה-מודיעין,,225.22,הוצאה,דלק וטעינה,FALSE,MAX 4398
13.2.2026,מרץ.26,בל פתאל מרקטינג שותפות מו,,225.62,הוצאה,"מזון, סופר ומכולת",FALSE,CAL 8973
14.9.2025,אוק׳.25,דור אלון,,226.16,הוצאה,דלק וטעינה,FALSE,CAL 8973
28.10.2025,נוב׳.25,"מינימרקט קייזר בע""מ",,227.3,הוצאה,"מזון, סופר ומכולת",FALSE,CAL 8973
5.10.2025,אוק׳.25,פז אפליקצית-YELLOW,,228.54,הוצאה,דלק וטעינה,FALSE,MAX 4398
4.5.2025,מאי.25,פז אפליקצית-YELLOW,,228.97,הוצאה,דלק וטעינה,FALSE,MAX 4398
22.3.2026,אפר׳.26,קואופ מודיעין קייזר,,229.19,הוצאה,"מזון, סופר ומכולת",FALSE,CAL 8973
24.3.2026,אפר׳.26,קסטרו מודיעין- ישפרו סנטר-גמא,,229.9,הוצאה,"בגדים, נעליים ואביזרים",FALSE,CAL 8973
22.4.2025,מאי.25,קואופ מודיעין קייזר,,229.99,הוצאה,"מזון, סופר ומכולת",FALSE,CAL 8973
12.3.2025,אפר׳.25,זארה ביג פאשן גלילות,,230,הוצאה,"בגדים, נעליים ואביזרים",FALSE,CAL 8973
14.11.2025,דצמ׳.25,"מאץ' ריטייל בע""מ M&H אבנת",,230,הוצאה,"בגדים, נעליים ואביזרים",FALSE,MAX 7495
24.3.2026,אפר׳.26,פז אפליקצית-YELLOW,,230.72,הוצאה,דלק וטעינה,FALSE,MAX 4398
7.8.2025,אוג׳.25,לב השדה,,230.97,הוצאה,"מזון, סופר ומכולת",FALSE,CAL 8973
20.5.2025,יוני.25,דרך ארץ הוראת קבע,,231.66,הוצאה,כבישי אגרה,FALSE,MAX 4398
20.1.2026,פבר׳.26,"אוטופיה מרכז שרות בע""מ",,232,הוצאה,מוסך,FALSE,CAL 8973
9.7.2025,יולי.25,קואופ מודיעין קייזר,,232.33,הוצאה,"מזון, סופר ומכולת",FALSE,CAL 8973
2.4.2026,אפר׳.26,מיקה מודיעין,,232.56,הוצאה,דלק וטעינה,FALSE,CAL 8973
27.1.2026,פבר׳.26,סופר פארם מודיעין ישפרו סנטר 125,,233.2,הוצאה,חנויות פארם ובתי מרקחת,FALSE,CAL 8973
15.3.2026,אפר׳.26,פז אפליקצית-YELLOW,,233.44,הוצאה,דלק וטעינה,FALSE,MAX 4398
28.8.2025,ספט׳.25,יוחננוף מודיעין כרמים,,233.72,הוצאה,"מזון, סופר ומכולת",FALSE,CAL 8973
4.4.2025,אפר׳.25,פז אפליקצית-YELLOW,,234.27,הוצאה,דלק וטעינה,FALSE,MAX 4398
30.6.2025,יולי.25,דור אנרגיה-מודיעין,,234.51,הוצאה,דלק וטעינה,FALSE,MAX 4398
21.5.2025,יוני.25,קואופ מודיעין קייזר,,235.43,הוצאה,"מזון, סופר ומכולת",FALSE,CAL 8973
16.4.2025,מאי.25,חשבון לשרותי סלקום,,236.58,הוצאה,"תקשורת, טלויזיה ואינטרנט",FALSE,MAX 7495
19.5.2025,יוני.25,קואופ מודיעין קייזר,,237.88,הוצאה,"מזון, סופר ומכולת",FALSE,CAL 8973
1.8.2025,אוג׳.25,סיטי מרקט מודיעין,,237.89,הוצאה,"מזון, סופר ומכולת",FALSE,CAL 8973
12.11.2025,דצמ׳.25,הייטקזון - מתנות ואתר,,238,הוצאה,חשמל ואלקטרוניקה,FALSE,CAL 8973
12.3.2025,אפר׳.25,נתח קצבים -מודיעין,,238.6,הוצאה,"מזון, סופר ומכולת",FALSE,CAL 8973
11.5.2025,יוני.25,דרך ארץ-עסקה רגילה,,238.64,הוצאה,כבישי אגרה,FALSE,MAX 4398
16.7.2025,אוג׳.25,קואופ מודיעין קייזר,,238.76,הוצאה,"מזון, סופר ומכולת",FALSE,CAL 8973
7.2.2026,פבר׳.26,MAINSTREAM,,240.42,הוצאה,"בגדים, נעליים ואביזרים",FALSE,MAX 7495
8.4.2026,אפר׳.26,הפניקס ביטוח,,241,הוצאה,ביטוח רכב,TRUE,MAX 4398
19.9.2025,אוק׳.25,קואופ מודיעין קייזר,,241.7,הוצאה,"מזון, סופר ומכולת",FALSE,CAL 8973
18.10.2025,נוב׳.25,סופר פארם מודיעין שמשוני 101,,243.1,הוצאה,חנויות פארם ובתי מרקחת,FALSE,CAL 8973
8.5.2026,מאי.26,הפניקס ביטוח,,244,הוצאה,ביטוח רכב,TRUE,MAX 4398
16.3.2025,אפר׳.25,חשבון לשרותי סלקום,,245.56,הוצאה,"תקשורת, טלויזיה ואינטרנט",FALSE,MAX 7495
4.12.2025,דצמ׳.25,קואופ מודיעין קייזר,,246.3,הוצאה,"מזון, סופר ומכולת",FALSE,CAL 8973
18.9.2025,אוק׳.25,"מינימרקט קייזר בע""מ",,247.05,הוצאה,"מזון, סופר ומכולת",FALSE,CAL 8973
10.4.2025,מאי.25,הראל-ביטוח בריאות,,248,הוצאה,ביטוח מחלות קשות,TRUE,CAL 4015
19.2.2026,מרץ.26,קואופ מודיעין קייזר,,248.25,הוצאה,"מזון, סופר ומכולת",FALSE,CAL 8973
10.12.2025,ינו׳.26,קואופ מודיעין קייזר,,248.47,הוצאה,"מזון, סופר ומכולת",FALSE,CAL 8973
20.4.2026,מאי.26,דרך ארץ,,249.33,הוצאה,כבישי אגרה,FALSE,MAX 4398
19.9.2025,אוק׳.25,אטליז בשר ועוד-צמרת,,249.49,הוצאה,"מזון, סופר ומכולת",FALSE,CAL 8973
24.10.2025,נוב׳.25,יוחננוף מודיעין כרמים,,249.86,הוצאה,"מזון, סופר ומכולת",FALSE,CAL 8973
4.2.2025,פבר׳.25,בר ליידרמן,,250,הוצאה,מתנות,FALSE,BIT
25.4.2025,מאי.25,לירן ליידרמן,,250,הוצאה,מתנות,FALSE,BIT
4.5.2025,מאי.25,לשכת ה-NLP הישראלית לקידו,,250,הוצאה,הוצאות עסק - שונות,FALSE,MAX 4398
3.2.2026,פבר׳.26,בר ליידרמן,,250,הוצאה,מתנות,FALSE,BIT
22.4.2026,מאי.26,לירן ליידרמן,,250,הוצאה,מתנות ואירועים,FALSE,BIT
4.5.2026,מאי.26,לשכת ה-NLP הישראלית לקידו,,250,הוצאה,הוצאות עסק - שונות,FALSE,MAX 4398
4.9.2025,ספט׳.25,"מינימרקט קייזר בע""מ",,258.65,הוצאה,"מזון, סופר ומכולת",FALSE,CAL 8973
14.1.2026,פבר׳.26,מכבי טבעי - מכבים,,258.9,הוצאה,חנויות פארם ובתי מרקחת,FALSE,CAL 8973
11.4.2025,מאי.25,פול אנד בר קניון עזריאלי,,259.8,הוצאה,"בגדים, נעליים ואביזרים",FALSE,MAX 7495
21.12.2025,ינו׳.26,MAC מודיעין- גמא,,263.2,הוצאה,בריאות וטיפוח - אחר,FALSE,CAL 8973
3.4.2025,אפר׳.25,קואופ מודיעין קייזר,,265.9,הוצאה,"מזון, סופר ומכולת",FALSE,CAL 8973
20.11.2025,דצמ׳.25,MAC אונליין,,266,הוצאה,בריאות וטיפוח - אחר,FALSE,MAX 4398
7.11.2025,נוב׳.25,"מינימרקט קייזר בע""מ",,266.42,הוצאה,"מזון, סופר ומכולת",FALSE,CAL 8973
17.12.2025,ינו׳.26,אטליז בשר ועוד-צמרת,,267.99,הוצאה,"מזון, סופר ומכולת",FALSE,CAL 8973
25.7.2025,אוג׳.25,לב השדה,,269.96,הוצאה,"מזון, סופר ומכולת",FALSE,CAL 8973
25.12.2025,ינו׳.26,מ.תחבורה - פנגו מוביט,,270,הוצאה,תחבורה ציבורית,FALSE,MAX 4398
18.4.2026,מאי.26,מורה פרטית,,270,הוצאה,משפחה והשכלה - שונות,FALSE,BIT
10.5.2026,יוני.26,מורה פרטית,,270,הוצאה,משפחה והשכלה - שונות,FALSE,BIT
8.6.2025,יוני.25,קואופ מודיעין קייזר,,270.72,הוצאה,"מזון, סופר ומכולת",FALSE,CAL 8973
8.2.2026,פבר׳.26,הפניקס ביטוח,,275,הוצאה,ביטוח רכב,TRUE,MAX 4398
15.1.2026,פבר׳.26,‫חברת החשמל לישר,,275.44,הוצאה,חשמל,FALSE,Bank Yahav
11.5.2025,יוני.25,הראל-ביטוח בריאות,,276,הוצאה,ביטוח מחלות קשות,TRUE,CAL 4015
11.5.2025,יוני.25,"מינימרקט קייזר בע""מ",,276.91,הוצאה,"מזון, סופר ומכולת",FALSE,CAL 8973
30.10.2025,נוב׳.25,החברים של דקלה,,277.5,הוצאה,קורסים והרצאות,FALSE,MAX 4398
10.7.2025,אוג׳.25,הראל-ביטוח בריאות,,278,הוצאה,ביטוח מחלות קשות,TRUE,CAL 4015
5.9.2025,ספט׳.25,חנות החוויות כאל (פ),,278,הוצאה,"מופעים, הצגות וקולנוע",FALSE,CAL 8973
10.6.2025,יולי.25,הראל-ביטוח בריאות,,279,הוצאה,ביטוח מחלות קשות,TRUE,CAL 4015
10.8.2025,ספט׳.25,הראל-ביטוח בריאות,,279,הוצאה,ביטוח מחלות קשות,TRUE,CAL 4015
10.3.2026,אפר׳.26,הראל-ביטוח בריאות,,279.37,הוצאה,ביטוח מחלות קשות,TRUE,MAX 7495
10.4.2026,מאי.26,הראל-ביטוח בריאות,,279.91,הוצאה,ביטוח מחלות קשות,TRUE,MAX 7495
10.9.2025,אוק׳.25,הראל-ביטוח בריאות,,280,הוצאה,ביטוח מחלות קשות,TRUE,CAL 4015
10.11.2025,דצמ׳.25,הראל-ביטוח בריאות,,280.18,הוצאה,ביטוח מחלות קשות,TRUE,MAX 7495
10.2.2026,מרץ.26,הראל-ביטוח בריאות,,280.18,הוצאה,ביטוח מחלות קשות,TRUE,MAX 7495
10.12.2025,ינו׳.26,הראל-ביטוח בריאות,,281.52,הוצאה,ביטוח מחלות קשות,TRUE,MAX 7495
10.10.2025,נוב׳.25,הראל-ביטוח בריאות,,281.79,הוצאה,ביטוח מחלות קשות,TRUE,MAX 7495
18.6.2025,יולי.25,קואופ מודיעין קייזר,,281.84,הוצאה,"מזון, סופר ומכולת",FALSE,CAL 8973
25.4.2025,מאי.25,לב השדה,,281.96,הוצאה,"מזון, סופר ומכולת",FALSE,CAL 8973
22.10.2025,נוב׳.25,קואופ מודיעין קייזר,,285.18,הוצאה,"מזון, סופר ומכולת",FALSE,CAL 8973
25.4.2025,מאי.25,קואופ מודיעין קייזר,,285.28,הוצאה,"מזון, סופר ומכולת",FALSE,CAL 8973
1.1.2026,ינו׳.26,קואופ מודיעין קייזר,,285.35,הוצאה,"מזון, סופר ומכולת",FALSE,CAL 8973
15.3.2026,אפר׳.26,‫חברת החשמל לישר,,285.78,הוצאה,חשמל,FALSE,Bank Yahav
30.7.2025,אוג׳.25,קואופ מודיעין קייזר,,290.03,הוצאה,"מזון, סופר ומכולת",FALSE,CAL 8973
4.7.2025,יולי.25,קואופ מודיעין קייזר,,290.27,הוצאה,"מזון, סופר ומכולת",FALSE,CAL 8973
11.3.2025,אפר׳.25,YANGO DELI - APPLE PAY,,291.92,הוצאה,"מזון, סופר ומכולת",FALSE,MAX 4398
25.3.2025,אפר׳.25,מ.תחבורה - פנגו מוביט,,293,הוצאה,תחבורה ציבורית,FALSE,MAX 4398
30.11.2025,דצמ׳.25,יוחננוף מודיעין כרמים,,294.2,הוצאה,"מזון, סופר ומכולת",FALSE,CAL 8973
3.5.2025,מאי.25,קפה גן סיפור נס ציונה,,295,הוצאה,אוכלים בחוץ,FALSE,CAL 8973
5.9.2025,ספט׳.25,מכבי,,296.14,הוצאה,שירותי בריאות,FALSE,Bank Yahav
5.11.2025,נוב׳.25,‫מכבי,,296.44,הוצאה,שירותי בריאות,FALSE,Bank Yahav
3.5.2026,מאי.26,קואופ מודיעין קייזר,,298.6,הוצאה,"מזון, סופר ומכולת",FALSE,CAL 8973
15.5.2025,יוני.25,הדברה תכלת 1 דירה 5,,300,הוצאה,אחזקת בית ותיקונים,FALSE,BIT
22.6.2025,יולי.25,CARREFOUR מודיעין שמשוני-יציל,,300.87,הוצאה,"מזון, סופר ומכולת",FALSE,CAL 8973
10.3.2025,אפר׳.25,הראל-ביטוח בריאות,,302,הוצאה,ביטוח מחלות קשות,TRUE,CAL 4015
5.5.2026,מאי.26,‫מכבי,,303.17,הוצאה,"שירותי בריאות, יעוץ וטיפול",FALSE,Bank Yahav
12.3.2026,אפר׳.26,"הדגים של זיני בע""מ",,303.42,הוצאה,"מזון, סופר ומכולת",FALSE,CAL 8973
9.11.2025,נוב׳.25,כספומט הולי ביי מודיעין-,,306.9,הוצאה,משיכה מכספומט,FALSE,MAX 4398
28.8.2025,ספט׳.25,קואופ מודיעין קייזר,,308.39,הוצאה,"מזון, סופר ומכולת",FALSE,CAL 8973
8.8.2025,אוג׳.25,ויוינו זכרון יעקב,,310,הוצאה,אוכלים בחוץ,FALSE,MAX 4398
17.9.2025,אוק׳.25,הלה לוי ביו,,310,הוצאה,"מספרה, טיפוח ויופי",FALSE,BIT
17.7.2025,אוג׳.25,מרכז הדגים,,318,הוצאה,"מזון, סופר ומכולת",FALSE,CAL 8973
26.4.2026,מאי.26,קואופ מודיעין קייזר,,318.7,הוצאה,"מזון, סופר ומכולת",FALSE,CAL 8973
20.7.2025,אוג׳.25,"ליקוטבע בע""מ",,320,הוצאה,בריאות וטיפוח - אחר,FALSE,MAX 4398
25.2.2026,מרץ.26,מ.תחבורה - פנגו מוביט,,324,הוצאה,תחבורה ציבורית,FALSE,MAX 4398
30.3.2026,אפר׳.26,אטליז בשר ועוד-צמרת,,325.11,הוצאה,"מזון, סופר ומכולת",FALSE,CAL 8973
24.7.2025,אוג׳.25,קואופ מודיעין קייזר,,325.16,הוצאה,"מזון, סופר ומכולת",FALSE,CAL 8973
30.1.2026,פבר׳.26,מחסני השוק מודיעין,,327.34,הוצאה,"מזון, סופר ומכולת",FALSE,CAL 8973
13.6.2025,יולי.25,קואופ מודיעין קייזר,,329.84,הוצאה,"מזון, סופר ומכולת",FALSE,CAL 8973
5.12.2025,דצמ׳.25,‫מכבי,,330.87,הוצאה,שירותי בריאות,FALSE,Bank Yahav
5.10.2025,אוק׳.25,מכבי,,331.16,הוצאה,שירותי בריאות,FALSE,Bank Yahav
5.3.2026,מרץ.26,‫מכבי,,332.45,הוצאה,שירותי בריאות,FALSE,Bank Yahav
16.1.2026,פבר׳.26,ביי סטייל,,332.5,הוצאה,"בגדים, נעליים ואביזרים",FALSE,MAX 7495
29.3.2026,אפר׳.26,ביי סטייל,,332.5,הוצאה,"בגדים, נעליים ואביזרים",FALSE,MAX 7495
5.4.2026,אפר׳.26,‫מכבי,,333.02,הוצאה,שירותי בריאות,FALSE,Bank Yahav
25.10.2025,נוב׳.25,הסיירת ציוד לחייל ולמטייל,,334.7,הוצאה,ציוד צבאי,FALSE,CAL 8973
4.11.2025,נוב׳.25,סופר שוק יוחננוף,,335.92,הוצאה,"מזון, סופר ומכולת",FALSE,CAL 8973
29.5.2025,יוני.25,סופר שוק יוחננוף,,336.77,הוצאה,"מזון, סופר ומכולת",FALSE,MAX 4398
21.12.2025,ינו׳.26,ליאור עדיקה - סניף מודיעין,,338.4,הוצאה,חנויות פארם ובתי מרקחת,FALSE,CAL 8973
5.10.2025,אוק׳.25,סופר שוק יוחננוף,,339.02,הוצאה,"מזון, סופר ומכולת",FALSE,CAL 8973
5.1.2026,ינו׳.26,‫מכבי,,339.32,הוצאה,שירותי בריאות,FALSE,Bank Yahav
5.2.2026,פבר׳.26,‫מכבי,,339.32,הוצאה,שירותי בריאות,FALSE,Bank Yahav
8.7.2025,יולי.25,סופר פארם קניון מודיעין 153,,342.6,הוצאה,חנויות פארם ובתי מרקחת,FALSE,CAL 8973
30.1.2026,פבר׳.26,אלברטו היירבוטיק,,343,הוצאה,בריאות וטיפוח - אחר,FALSE,MAX 4398
2.5.2025,מאי.25,הייטקזון - מתנות ואתר,,343.62,הוצאה,חשמל ואלקטרוניקה,FALSE,CAL 8973
24.3.2025,אפר׳.25,"המרכז לרפואת הרמב""ם",,345,הוצאה,בריאות וטיפוח - אחר,FALSE,MAX 4398
19.3.2025,אפר׳.25,סופר פארם קניון מודיעין 153,,346.1,הוצאה,חנויות פארם ובתי מרקחת,FALSE,CAL 8973
13.11.2025,דצמ׳.25,Temu.com,,346.74,הוצאה,קניות לבית - שונות,FALSE,CAL 8973
13.11.2025,דצמ׳.25,Temu.com,,346.74,הוצאה,קניות לבית - שונות,FALSE,CAL 8973
31.8.2025,ספט׳.25,"י.נ.מרקטלינק בע""מ",,347,הוצאה,"מזון, סופר ומכולת",FALSE,MAX 4398
1.10.2025,אוק׳.25,פול ביג פאשן גלילות,,348.9,הוצאה,"בגדים, נעליים ואביזרים",FALSE,MAX 7495
15.1.2025,פבר׳.25,העברת כספים bit,,350,הוצאה,אחזקת בית ותיקונים,FALSE,BIT
3.4.2025,אפר׳.25,מכון נועם,,350,הוצאה,יעוץ אנשי מקצוע - משפחה,FALSE,MAX 4398
21.9.2025,אוק׳.25,הלה לוי ביו,,350,הוצאה,"מספרה, טיפוח ויופי",FALSE,BIT
23.12.2025,ינו׳.26,רונה קוסמטיקה,,350,הוצאה,"מספרה, טיפוח ויופי",FALSE,BIT
16.2.2026,מרץ.26,TICKETS NP הופעות וכרטיסי,,358,הוצאה,"מופעים, הצגות וקולנוע",FALSE,MAX 4398
3.5.2026,מאי.26,מילגה-צמרת,,359,הוצאה,קניות לבית - שונות,FALSE,CAL 8973
23.8.2025,ספט׳.25,איטל אופטויק מודיעין,,360,הוצאה,עיניים ואופטיקה,FALSE,MAX 7495
7.8.2025,אוג׳.25,קואופ מודיעין קייזר,,361.33,הוצאה,"מזון, סופר ומכולת",FALSE,CAL 8973
15.2.2026,מרץ.26,‫ע.מודיעין מכבים,,366.9,הוצאה,ארנונה,FALSE,Bank Yahav
25.9.2025,אוק׳.25,מ.תחבורה - פנגו מוביט,,367,הוצאה,תחבורה ציבורית,FALSE,MAX 4398
24.8.2025,ספט׳.25,"סופרסונס בע""מ",,368.12,הוצאה,"מזון, סופר ומכולת",FALSE,MAX 4398
24.3.2026,אפר׳.26,"סופר פארם ישראל בע""מ",,369.8,הוצאה,חנויות פארם ובתי מרקחת,FALSE,MAX 4398
6.3.2026,מרץ.26,יוני זילפה,,370,הוצאה,אחזקת בית ותיקונים,FALSE,BIT
8.3.2026,מרץ.26,יוני זילפה,,370,הוצאה,אחזקת בית ותיקונים,FALSE,BIT
8.3.2026,מרץ.26,הפניקס ביטוח,,375,הוצאה,ביטוח רכב,TRUE,MAX 4398
18.3.2026,אפר׳.26,סופר פארם מודיעין ישפרו סנטר 125,,381.8,הוצאה,חנויות פארם ובתי מרקחת,FALSE,CAL 8973
29.3.2026,אפר׳.26,קואופ מודיעין קייזר,,382.66,הוצאה,"מזון, סופר ומכולת",FALSE,CAL 8973
29.9.2025,אוק׳.25,קואופ מודיעין קייזר,,387.52,הוצאה,"מזון, סופר ומכולת",FALSE,CAL 8973
26.6.2025,יולי.25,סופר שוק יוחננוף,,388.45,הוצאה,"מזון, סופר ומכולת",FALSE,MAX 4398
26.11.2025,דצמ׳.25,סופר פארם קניון מודיעין 153,,395.81,הוצאה,חנויות פארם ובתי מרקחת,FALSE,CAL 8973
9.10.2025,אוק׳.25,TICKETS NP הופעות וכרטיסי,,398,הוצאה,"מופעים, הצגות וקולנוע",FALSE,MAX 4398
20.7.2025,אוג׳.25,איטל אופטויק מודיעין,,400,הוצאה,עיניים ואופטיקה,FALSE,MAX 7495
28.8.2025,ספט׳.25,הפניקס ביטוח,,401,הוצאה,ביטוח דירה,TRUE,MAX 7495
28.9.2025,אוק׳.25,הפניקס ביטוח,,401,הוצאה,ביטוח דירה,TRUE,MAX 7495
29.10.2025,נוב׳.25,הפניקס ביטוח,,401,הוצאה,ביטוח דירה,TRUE,MAX 7495
27.11.2025,דצמ׳.25,הפניקס ביטוח,,401,הוצאה,ביטוח דירה,TRUE,MAX 7495
30.12.2025,ינו׳.26,הפניקס ביטוח,,402,הוצאה,ביטוח דירה,TRUE,MAX 7495
20.11.2025,דצמ׳.25,"וועד הורים בית ספר ע""ש יצ",,405,הוצאה,בית ספר,FALSE,MAX 4398
20.12.2025,ינו׳.26,"וועד הורים בית ספר ע""ש יצ",,405,הוצאה,בית ספר,FALSE,MAX 4398
17.3.2025,אפר׳.25,קואופ מודיעין קייזר,,413.98,הוצאה,"מזון, סופר ומכולת",FALSE,CAL 8973
27.10.2025,נוב׳.25,‫העברה/‫ועד בית תכ/‫יולי ספטמב,,420,הוצאה,ועד בית,FALSE,Bank Yahav
31.10.2025,נוב׳.25,קואופ מודיעין קייזר,,424.03,הוצאה,"מזון, סופר ומכולת",FALSE,CAL 8973
8.4.2025,אפר׳.25,"דלתא ייעוץ והדרכות בע""מ",,425,הוצאה,כושר,FALSE,MAX 4398
8.5.2025,מאי.25,"דלתא ייעוץ והדרכות בע""מ",,425,הוצאה,כושר,FALSE,MAX 4398
8.6.2025,יוני.25,"דלתא ייעוץ והדרכות בע""מ",,425,הוצאה,כושר,FALSE,MAX 4398
8.7.2025,יולי.25,"דלתא ייעוץ והדרכות בע""מ",,425,הוצאה,כושר,FALSE,MAX 4398
8.8.2025,אוג׳.25,"דלתא ייעוץ והדרכות בע""מ",,425,הוצאה,כושר,FALSE,MAX 4398
8.9.2025,ספט׳.25,"דלתא ייעוץ והדרכות בע""מ",,425,הוצאה,כושר,FALSE,MAX 4398
8.10.2025,אוק׳.25,"דלתא ייעוץ והדרכות בע""מ",,425,הוצאה,כושר,FALSE,MAX 4398
8.11.2025,נוב׳.25,"דלתא ייעוץ והדרכות בע""מ",,425,הוצאה,כושר,FALSE,MAX 4398
8.12.2025,דצמ׳.25,"דלתא ייעוץ והדרכות בע""מ",,425,הוצאה,כושר,FALSE,MAX 4398
8.1.2026,ינו׳.26,"דלתא ייעוץ והדרכות בע""מ",,425,הוצאה,כושר,FALSE,MAX 4398
8.2.2026,פבר׳.26,"דלתא ייעוץ והדרכות בע""מ",,425,הוצאה,כושר,FALSE,MAX 4398
8.3.2026,מרץ.26,"דלתא ייעוץ והדרכות בע""מ",,425,הוצאה,כושר,FALSE,MAX 4398
8.4.2026,אפר׳.26,"דלתא ייעוץ והדרכות בע""מ",,425,הוצאה,כושר,FALSE,MAX 4398
8.5.2026,מאי.26,"דלתא ייעוץ והדרכות בע""מ",,425,הוצאה,כושר,FALSE,MAX 4398
15.12.2025,ינו׳.26,‫חברת החשמל לישר,,433.36,הוצאה,חשמל,FALSE,Bank Yahav
6.4.2026,אפר׳.26,"פרי סקינקייר בע""מ",,437,הוצאה,בריאות וטיפוח - אחר,FALSE,MAX 4398
27.11.2025,דצמ׳.25,TEMU.COM               DUBLIN 4      IRL,,437.72,הוצאה,קניות לבית - שונות,FALSE,MAX 4398
30.9.2025,אוק׳.25,ריבית,,440.03,הוצאה,ריבית ועמלות,FALSE,Bank Yahav
1.4.2025,אפר׳.25,ועד בית,,450,הוצאה,ועד בית,FALSE,Bank Yahav
1.7.2025,יולי.25,ועד בית,,450,הוצאה,ועד בית,FALSE,Bank Yahav
12.3.2025,אפר׳.25,פול ביג פאשן גלילות,,450.6,הוצאה,"בגדים, נעליים ואביזרים",FALSE,CAL 8973
10.4.2025,מאי.25,רשת 4CHEF מוצרים וסדנאות- צמרת,,450.96,הוצאה,מתנות ואירועים,FALSE,CAL 8973
21.8.2025,ספט׳.25,קואופ מודיעין קייזר,,451.36,הוצאה,"מזון, סופר ומכולת",FALSE,CAL 8973
14.11.2025,דצמ׳.25,זארה - קניון אבנת,,459,הוצאה,"בגדים, נעליים ואביזרים",FALSE,MAX 7495
8.10.2025,אוק׳.25,"ביו -גאיה בע""מ",,470.5,הוצאה,בריאות וטיפוח - אחר,FALSE,MAX 4398
17.4.2025,מאי.25,שופרסל דיל מודיעין,,473.96,הוצאה,"מזון, סופר ומכולת",FALSE,CAL 8973
21.5.2025,יוני.25,איטל אופטויק מודיעין,,480,הוצאה,עיניים ואופטיקה,FALSE,CAL 8973
7.1.2026,ינו׳.26,סופר שוק יוחננוף,,483.93,הוצאה,"מזון, סופר ומכולת",FALSE,CAL 8973
15.9.2025,אוק׳.25,ע.מודיעין מכבים,,490.45,הוצאה,ארנונה,FALSE,Bank Yahav
15.10.2025,נוב׳.25,ע.מודיעין מכבים,,490.45,הוצאה,ארנונה,FALSE,Bank Yahav
15.1.2026,פבר׳.26,קואופ מודיעין קייזר,,492.91,הוצאה,"מזון, סופר ומכולת",FALSE,CAL 8973
15.3.2026,אפר׳.26,‫ע.מודיעין מכבים,,494.05,הוצאה,ארנונה,FALSE,Bank Yahav
15.4.2026,מאי.26,‫ע.מודיעין מכבים,,494.05,הוצאה,ארנונה,FALSE,Bank Yahav
16.11.2025,דצמ׳.25,‫ע.מודיעין מכבים,,495.4,הוצאה,ארנונה,FALSE,Bank Yahav
15.12.2025,ינו׳.26,‫ע.מודיעין מכבים,,495.4,הוצאה,ארנונה,FALSE,Bank Yahav
17.8.2025,ספט׳.25,ע.מודיעין מכבים,,498.45,הוצאה,ארנונה,FALSE,Bank Yahav
12.8.2025,ספט׳.25,"מיכל מירוני מנטורינג בע""מ",,500,הוצאה,יעוץ אנשי מקצוע - משפחה,FALSE,MAX 4398
31.12.2025,ינו׳.26,מתנה לאיליי,,500,הוצאה,מתנות ואירועים,FALSE,BIT
7.2.2026,פבר׳.26,אדידס אייס מול אילת-צמרת,,500.2,הוצאה,"בגדים, נעליים ואביזרים",FALSE,MAX 7495
28.5.2025,יוני.25,פול אנד בר קניון עזריאלי,,505.6,הוצאה,"בגדים, נעליים ואביזרים",FALSE,MAX 7495
13.2.2026,מרץ.26,סופר שוק יוחננוף,,506.98,הוצאה,"מזון, סופר ומכולת",FALSE,CAL 8973
30.12.2025,ינו׳.26,הפניקס ביטוח,,516,הוצאה,ביטוח רכב,TRUE,MAX 4398
12.10.2025,נוב׳.25,סופר שוק יוחננוף,,517.85,הוצאה,"מזון, סופר ומכולת",FALSE,CAL 8973
31.10.2025,נוב׳.25,פול ביג פאשן גלילות,,519.8,הוצאה,"בגדים, נעליים ואביזרים",FALSE,MAX 7495
13.11.2025,דצמ׳.25,קואופ מודיעין קייזר,,535.48,הוצאה,"מזון, סופר ומכולת",FALSE,CAL 8973
31.3.2025,אפר׳.25,הייר קוסמטיקס,,544,הוצאה,בריאות וטיפוח - אחר,FALSE,MAX 4398
31.3.2025,אפר׳.25,HYP  ,,544,הוצאה,בריאות וטיפוח - אחר,FALSE,BIT
11.3.2026,אפר׳.26,קואופ מודיעין קייזר,,554.76,הוצאה,"מזון, סופר ומכולת",FALSE,CAL 8973
28.1.2026,פבר׳.26,הפניקס ביטוח,,561,הוצאה,ביטוח רכב,TRUE,MAX 4398
30.3.2026,אפר׳.26,הפניקס ביטוח,,561,הוצאה,ביטוח רכב,TRUE,MAX 4398
27.11.2025,דצמ׳.25,קואופ מודיעין קייזר,,578.46,הוצאה,"מזון, סופר ומכולת",FALSE,CAL 8973
15.1.2026,פבר׳.26,‫ע.מודיעין מכבים,,593.2,הוצאה,ארנונה,FALSE,Bank Yahav
25.2.2026,מרץ.26,הפניקס ביטוח,,605,הוצאה,ביטוח רכב,TRUE,MAX 4398
19.5.2025,יוני.25,משרד התחבורה - רשיונות רכב,,610.66,הוצאה,רישוי רכב,FALSE,CAL 8973
19.6.2025,יולי.25,משרד התחבורה - רשיונות רכב,,610.66,הוצאה,רישוי רכב,FALSE,CAL 8973
19.7.2025,אוג׳.25,משרד התחבורה - רשיונות רכב,,610.66,הוצאה,רישוי רכב,FALSE,CAL 8973
26.3.2025,אפר׳.25,קואופ מודיעין קייזר,,652.05,הוצאה,"מזון, סופר ומכולת",FALSE,CAL 8973
15.8.2025,ספט׳.25,חברת החשמל לישר,,684.65,הוצאה,חשמל,FALSE,Bank Yahav
17.12.2025,ינו׳.26,WIX.COM                LUXEMBOURG    LUX,,694.43,הוצאה,הוצאות עסק - שונות,FALSE,MAX 4398
30.4.2025,מאי.25,יוחננוף מודיעין כרמים,,749.14,הוצאה,"מזון, סופר ומכולת",FALSE,CAL 8973
14.11.2025,דצמ׳.25,גויה פתח תקוה-גמא,,750,הוצאה,"בגדים, נעליים ואביזרים",FALSE,CAL 8973
21.9.2025,אוק׳.25,סופר שוק יוחננוף,,757.47,הוצאה,"מזון, סופר ומכולת",FALSE,CAL 8973
22.8.2025,ספט׳.25,"אוטופיה מרכז שרות בע""מ",,759,הוצאה,מוסך,FALSE,CAL 8973
22.9.2025,אוק׳.25,"אוטופיה מרכז שרות בע""מ",,759,הוצאה,מוסך,FALSE,CAL 8973
24.4.2025,מאי.25,ישיר-ביטוח,,762.54,הוצאה,ביטוח רכב,TRUE,MAX 4398
25.6.2025,יולי.25,ישיר-ביטוח,,770.41,הוצאה,ביטוח רכב,TRUE,MAX 4398
25.9.2025,אוק׳.25,ישיר-ביטוח,,777.6,הוצאה,ביטוח רכב,TRUE,MAX 4398
28.12.2025,ינו׳.26,ישיר-ביטוח,,794.32,הוצאה,ביטוח רכב,TRUE,MAX 4398
30.3.2026,אפר׳.26,המוסד לביטוח לאומי מוקד ט,,798,הוצאה,תשלומי מיסים,FALSE,MAX 4398
27.3.2025,אפר׳.25,ישיר-ביטוח,,818.81,הוצאה,ביטוח רכב,TRUE,MAX 4398
27.10.2025,נוב׳.25,ישיר-ביטוח,,822.74,הוצאה,ביטוח רכב,TRUE,MAX 4398
27.4.2026,מאי.26,בי סטייל,,825,הוצאה,"בגדים, נעליים ואביזרים",FALSE,MAX 7495
31.5.2025,יוני.25,אלמנטר ביטוח ישיר תשלום ח,,830.94,הוצאה,ביטוח רכב,TRUE,MAX 4398
26.8.2025,ספט׳.25,ישיר-ביטוח,,832.65,הוצאה,ביטוח רכב,TRUE,MAX 4398
27.7.2025,אוג׳.25,ישיר-ביטוח,,838.75,הוצאה,ביטוח רכב,TRUE,MAX 4398
29.4.2026,מאי.26,הפניקס ביטוח,,852,הוצאה,ביטוח רכב,TRUE,MAX 4398
11.10.2025,נוב׳.25,אולטראס ישראל,,874,הוצאה,"בגדים, נעליים ואביזרים",FALSE,MAX 4398
10.2.2026,מרץ.26,פרעון הלוואה,,886.5,הוצאה,פרעון הלוואה,FALSE,Bank Yahav
11.1.2026,פבר׳.26,פרעון הלוואה,,886.82,הוצאה,פרעון הלוואה,FALSE,Bank Yahav
10.12.2025,ינו׳.26,פרעון הלוואה,,887.07,הוצאה,פרעון הלוואה,FALSE,Bank Yahav
10.1.2025,פבר׳.25,פרעון הלוואה,,887.1,הוצאה,פרעון הלוואה,FALSE,Bank Yahav
10.2.2025,מרץ.25,פרעון הלוואה,,887.1,הוצאה,פרעון הלוואה,FALSE,Bank Yahav
10.3.2025,אפר׳.25,פרעון הלוואה,,887.1,הוצאה,פרעון הלוואה,FALSE,Bank Yahav
10.4.2025,מאי.25,פרעון הלוואה,,887.1,הוצאה,פרעון הלוואה,FALSE,Bank Yahav
10.5.2025,יוני.25,פרעון הלוואה,,887.1,הוצאה,פרעון הלוואה,FALSE,Bank Yahav
10.6.2025,יולי.25,פרעון הלוואה,,887.1,הוצאה,פרעון הלוואה,FALSE,Bank Yahav
10.7.2025,אוג׳.25,פרעון הלוואה,,887.1,הוצאה,פרעון הלוואה,FALSE,Bank Yahav
10.8.2025,ספט׳.25,פרעון הלוואה,,887.1,הוצאה,פרעון הלוואה,FALSE,Bank Yahav
10.9.2025,אוק׳.25,פרעון הלוואה,,887.1,הוצאה,פרעון הלוואה,FALSE,Bank Yahav
10.10.2025,נוב׳.25,פרעון הלוואה,,887.1,הוצאה,פרעון הלוואה,FALSE,Bank Yahav
10.11.2025,דצמ׳.25,פרעון הלוואה,,887.1,הוצאה,פרעון הלוואה,FALSE,Bank Yahav
25.11.2025,דצמ׳.25,ישיר-ביטוח,,899.7,הוצאה,ביטוח רכב,TRUE,MAX 4398
12.4.2026,מאי.26,‫העברה/‫ועד בית תכ/‫מר25 אוקט,,900,הוצאה,ועד בית,FALSE,Bank Yahav
9.4.2025,אפר׳.25,אורי מובשוביץ,,920,הוצאה,"שירותי בריאות, יעוץ וטיפול",FALSE,Paybox
9.4.2025,אפר׳.25,PAYBOX,,920,הוצאה,יעוץ אנשי מקצוע - משפחה,FALSE,MAX 4398
4.5.2025,מאי.25,אורי מובשוביץ,,920,הוצאה,"שירותי בריאות, יעוץ וטיפול",FALSE,Paybox
4.5.2025,מאי.25,PAYBOX,,920,הוצאה,יעוץ אנשי מקצוע - משפחה,FALSE,MAX 4398
16.11.2025,דצמ׳.25,‫חברת החשמל לישר,,967.44,הוצאה,חשמל,FALSE,Bank Yahav
5.1.2026,ינו׳.26,המוסד לביטוח לאומי מוקד ט,,1016,הוצאה,תשלומי מיסים,FALSE,MAX 4398
25.11.2025,דצמ׳.25,איטל אופטויק מודיעין,,1020,הוצאה,עיניים ואופטיקה,FALSE,MAX 7495
3.9.2025,ספט׳.25,העברה/שושי פרידמ,,1180,הוצאה,רואה חשבון ויעוץ מס,FALSE,Bank Yahav
5.8.2025,אוג׳.25,AD CREA* AD CREA ENTER PARIS         FRA,,1180.56,הוצאה,בינה מלאכותית,FALSE,MAX 4398
13.9.2025,אוק׳.25,המוסד לביטוח לאומי מוקד ט,,1257,הוצאה,תשלומי מיסים,FALSE,MAX 4398
19.8.2025,ספט׳.25,אורי מובשוביץ,,1380,הוצאה,"שירותי בריאות, יעוץ וטיפול",FALSE,Paybox
19.8.2025,ספט׳.25,PAYBOX,,1380,הוצאה,יעוץ אנשי מקצוע - משפחה,FALSE,MAX 4398
3.2.2025,פבר׳.25,אורי מובשוביץ,,1840,הוצאה,"שירותי בריאות, יעוץ וטיפול",FALSE,BIT
15.9.2025,אוק׳.25,חברת החשמל לישר,,1976.02,הוצאה,חשמל,FALSE,Bank Yahav
15.1.2025,פבר׳.25,‫פועלים-משכנתא,,5351,הוצאה,משכנתא,FALSE,Bank Yahav
15.2.2025,מרץ.25,‫פועלים-משכנתא,,5351,הוצאה,משכנתא,FALSE,Bank Yahav
15.3.2025,אפר׳.25,‫פועלים-משכנתא,,5351,הוצאה,משכנתא,FALSE,Bank Yahav
15.4.2025,מאי.25,‫פועלים-משכנתא,,5351,הוצאה,משכנתא,FALSE,Bank Yahav
15.5.2025,יוני.25,‫פועלים-משכנתא,,5351,הוצאה,משכנתא,FALSE,Bank Yahav
15.6.2025,יולי.25,‫פועלים-משכנתא,,5351,הוצאה,משכנתא,FALSE,Bank Yahav
15.7.2025,אוג׳.25,‫פועלים-משכנתא,,5351,הוצאה,משכנתא,FALSE,Bank Yahav
15.8.2025,ספט׳.25,‫פועלים-משכנתא,,5351,הוצאה,משכנתא,FALSE,Bank Yahav
15.9.2025,אוק׳.25,‫פועלים-משכנתא,,5351,הוצאה,משכנתא,FALSE,Bank Yahav
15.10.2025,נוב׳.25,‫פועלים-משכנתא,,5351.62,הוצאה,משכנתא,FALSE,Bank Yahav
16.11.2025,דצמ׳.25,‫פועלים-משכנתא,,5351.62,הוצאה,משכנתא,FALSE,Bank Yahav
15.12.2025,ינו׳.26,‫פועלים-משכנתא,,5351.62,הוצאה,משכנתא,FALSE,Bank Yahav
15.2.2026,מרץ.26,‫פועלים-משכנתא,,5861.43,הוצאה,משכנתא,FALSE,Bank Yahav
15.3.2026,אפר׳.26,‫פועלים-משכנתא,,5861.43,הוצאה,משכנתא,FALSE,Bank Yahav
15.4.2026,מאי.26,‫פועלים-משכנתא,,5861.43,הוצאה,משכנתא,FALSE,Bank Yahav
15.1.2026,פבר׳.26,‫פועלים-משכנתא,,5893.21,הוצאה,משכנתא,FALSE,Bank Yahav
10.1.2026,פבר׳.26,הראל - ביטוח בריאות,,280.18,הוצאה,ביטוח מחלות קשות,TRUE,ידני
2.4.2026,אפר׳.26,עמותת נבט,,36,הוצאה,תרומות,FALSE,ידני
25.1.2026,פבר׳.26,הפניקס רכב חובה,,140,הוצאה,ביטוח רכב,TRUE,ידני
25.2.2025,מרץ.25,הפניקס רכב חובה,,140,הוצאה,ביטוח רכב,TRUE,ידני
25.3.2026,אפר׳.26,הפניקס רכב חובה,,140,הוצאה,ביטוח רכב,TRUE,ידני
25.4.2026,מאי.26,הפניקס רכב חובה,,140,הוצאה,ביטוח רכב,TRUE,ידני
30.12.2025,ינו׳.26,ישיר - בטוח חובה,,116.4,הוצאה,ביטוח רכב,TRUE,ידני
30.1.2026,פבר׳.26,ישיר - בטוח חובה,,116.4,הוצאה,ביטוח רכב,TRUE,ידני
30.3.2026,אפר׳.26,ישיר - בטוח חובה,,116.4,הוצאה,ביטוח רכב,TRUE,ידני
30.4.2026,מאי.26,ישיר - בטוח חובה,,116.4,הוצאה,ביטוח רכב,TRUE,ידני
2.5.2026,מאי.26,עמותת נבט,,36,הוצאה,תרומות,FALSE,ידני
1.6.2026,יולי.26,ישיר - בטוח חובה,,116.42,הוצאה,ביטוח רכב,TRUE,MAX 4398
1.6.2026,יולי.26,הפניקס רכב חובה,,140,הוצאה,ביטוח רכב,TRUE,MAX 4398
7.5.2026,יולי.26,יהונתן ולץ,,100,הוצאה,"מספרה, טיפוח ויופי",FALSE,MAX 7495
8.5.2026,יולי.26,המאפה של אודטה,,23,הוצאה,"מזון, סופר ומכולת",FALSE,MAX 4398
8.5.2026,יולי.26,"דלתא ייעוץ והדרכות בע""מ",,425,הוצאה,כושר,FALSE,MAX 4398
8.5.2026,יולי.26,הפניקס ביטוח,,20,הוצאה,ביטוח,TRUE,MAX 4398
8.5.2026,יולי.26,הפניקס ביטוח,,244,הוצאה,ביטוח,TRUE,MAX 4398
8.5.2026,יולי.26,YANGO DELI - APPLE PAY,,161.15,הוצאה,"מזון, סופר ומכולת",FALSE,MAX 4398
9.5.2026,יולי.26,WOLT,,23.4,הוצאה,"מזון, סופר ומכולת",FALSE,MAX 4398
10.5.2026,יולי.26,ליאור עדיקה - סניף מודיעי,,123.2,הוצאה,חנויות פארם ובתי מרקחת,FALSE,MAX 4398
10.5.2026,יולי.26,"מינימרקט קייזר בע""מ",,113.46,הוצאה,"מזון, סופר ומכולת",FALSE,MAX 4398
10.5.2026,יולי.26,פז YELLOW האיצטדיון,,12,הוצאה,אוכלים בחוץ - עמית,FALSE,MAX 4398
10.5.2026,יולי.26,סופר אלונית לטרון,,17.9,הוצאה,אוכלים בחוץ - עמית,FALSE,MAX 4398
10.5.2026,יולי.26,הראל-ביטוח בריאות,,280.98,הוצאה,ביטוח בריאות,TRUE,MAX 7495
11.5.2026,יולי.26,UPAPP,,25,הוצאה,כושר,FALSE,MAX 7495
11.5.2026,יולי.26,UPAPP,,25,הוצאה,כושר,FALSE,MAX 7495
11.5.2026,יולי.26,חניון קניון מודיעין,,3,הוצאה,חניה,FALSE,MAX 4398
12.5.2026,יולי.26,סופר פארם מודיעין שמשוני,,101.6,הוצאה,חנויות פארם ובתי מרקחת,FALSE,MAX 4398
12.5.2026,יולי.26,קואופ מודיעין קייזר,,248,הוצאה,"מזון, סופר ומכולת",FALSE,MAX 4398
12.5.2026,יולי.26,"המרכז לרפואת הרמב""ם",,345,הוצאה,בריאות וטיפוח - אחר,FALSE,MAX 4398
14.5.2026,יולי.26,עברית חנות ספרים  2020,,35,הוצאה,מוזיקה וספרים,FALSE,MAX 4398
15.5.2026,יולי.26,פז אפליקצית-YELLOW,,193.4,הוצאה,דלק וטעינה,FALSE,MAX 4398
16.5.2026,יולי.26,"סלקום ישראל בע""מ",,185.87,הוצאה,"תקשורת, טלויזיה ואינטרנט",FALSE,MAX 4398
16.5.2026,יולי.26,"סלקום ישראל בע""מ",,200.66,הוצאה,"תקשורת, טלויזיה ואינטרנט",FALSE,MAX 4398
17.5.2026,יולי.26,חניון קניון מודיעין,,3,הוצאה,חניה,FALSE,MAX 7495
18.5.2026,יולי.26,"פרופיט מודיעין-הו""ק",,169,הוצאה,כושר,FALSE,MAX 7495
18.5.2026,יולי.26,בריין בינה בעמ,,37,הוצאה,בינה מלאכותית,FALSE,MAX 4398
18.5.2026,יולי.26,חביבי רמלה,,90,הוצאה,אוכלים בחוץ - עמית,FALSE,MAX 4398
19.5.2026,יולי.26,חניון קניון מודיעין,,3,הוצאה,חניה,FALSE,MAX 4398
20.5.2026,יולי.26,דרך ארץ הוראת קבע,,180.12,הוצאה,כבישי אגרה,FALSE,MAX 7495
20.5.2026,יולי.26,עברית חנות ספרים  2020,,49,הוצאה,מוזיקה וספרים,FALSE,MAX 4398
22.5.2026,יולי.26,משרד התחבורה - רשיונות רכ,,1833,הוצאה,רישוי רכב,FALSE,MAX 4398
22.5.2026,יולי.26,YANGO DELI - APPLE PAY,,137.71,הוצאה,"מזון, סופר ומכולת",FALSE,MAX 4398
22.5.2026,יולי.26,המוסד לביטוח לאומי מוקד ט,,266,הוצאה,תשלומי מיסים,FALSE,MAX 4398
22.5.2026,יולי.26,המוסד לביטוח לאומי מוקד ט,,266,הוצאה,תשלומי מיסים,FALSE,MAX 4398
22.5.2026,יולי.26,רשות הטבע והגנים - חוף פל,,31,הוצאה,אוכלים בחוץ - עמית,FALSE,MAX 4398
23.5.2026,יולי.26,סופר פארם מודיעין שמשוני,,147.67,הוצאה,חנויות פארם ובתי מרקחת,FALSE,MAX 4398
24.5.2026,יולי.26,UPAPP,,25,הוצאה,כושר,FALSE,MAX 7495
24.5.2026,יולי.26,פז אפליקצית-YELLOW,,236.64,הוצאה,דלק וטעינה,FALSE,MAX 4398
24.5.2026,יולי.26,חניון קניון מודיעין,,3,הוצאה,חניה,FALSE,MAX 4398
24.5.2026,יולי.26,יהונתן ולץ,,100,הוצאה,"מספרה, טיפוח ויופי",FALSE,MAX 4398
24.5.2026,יולי.26,TWOSOME,,69,הוצאה,אוכלים בחוץ - עמית,FALSE,MAX 4398
25.5.2026,יולי.26,UPAPP,,25,הוצאה,כושר,FALSE,MAX 7495
25.5.2026,יולי.26,מ.תחבורה - פנגו מוביט,,155,הוצאה,תחבורה ציבורית,FALSE,MAX 7495
25.5.2026,יולי.26,חניון קניון מודיעין,,3,הוצאה,חניה,FALSE,MAX 4398
26.5.2026,יולי.26,CELLO,,34.4,הוצאה,חניה,FALSE,MAX 4398
26.5.2026,יולי.26,הראל ביטוח חיים,,135.13,הוצאה,ביטוח בריאות,TRUE,MAX 4398
27.5.2026,יולי.26,פנגו חשבונית חודשית,,31.75,הוצאה,חניה,FALSE,MAX 4398
27.5.2026,יולי.26,מ. תחבורה - פנגו מוביט,,-48,הוצאה,תחבורה ציבורית,FALSE,MAX 7495
27.5.2026,יולי.26,חניון קניון מודיעין,,3,הוצאה,חניה,FALSE,MAX 4398
27.5.2026,יולי.26,חניון קניון מודיעין,,3,הוצאה,חניה,FALSE,MAX 4398
27.5.2026,יולי.26,סופר פארם קניון מודיעין 3,,248.5,הוצאה,חנויות פארם ובתי מרקחת,FALSE,MAX 4398
27.5.2026,יולי.26,MAC מודיעין- גמא,,199,הוצאה,בריאות וטיפוח - אחר,FALSE,MAX 4398
27.5.2026,יולי.26,גולד מרקט,,16,הוצאה,"מזון, סופר ומכולת",FALSE,MAX 7495
27.5.2026,יולי.26,צמיגי שילת,,100,הוצאה,רכב - שונות,FALSE,MAX 7495
28.5.2026,יולי.26,הפניקס ביטוח,,813,הוצאה,ביטוח רכב,TRUE,MAX 7495
28.5.2026,יולי.26,הפניקס חיים ובריאות,,216,הוצאה,ביטוח למקרה פטירה וריסק,TRUE,MAX 7495
29.5.2026,יולי.26,רשות הטבע והגנים - חוף פל,,35,הוצאה,אוכלים בחוץ - עמית,FALSE,MAX 4398
30.5.2026,יולי.26,סונול נס ציונה,,183.35,הוצאה,דלק וטעינה,FALSE,MAX 7495
31.5.2026,יולי.26,"רב בריח איתור לוויני בע""מ",,35,הוצאה,רכב - שונות,FALSE,MAX 7495
31.5.2026,יולי.26,חניון קניון מודיעין,,3,הוצאה,חניה,FALSE,MAX 7495
1.6.2026,יולי.26,חניון קניון מודיעין,,3,הוצאה,חניה,FALSE,MAX 4398
1.6.2026,יולי.26,CRAZY SHOP-צמרת,,434.25,הוצאה,"בגדים, נעליים ואביזרים",FALSE,MAX 4398
1.6.2026,יולי.26,"מינימרקט קייזר בע""מ",,8.9,הוצאה,"מזון, סופר ומכולת",FALSE,MAX 4398
1.6.2026,יולי.26,קפה 443,,9,הוצאה,אוכלים בחוץ - עמית,FALSE,MAX 7495
2.6.2026,יולי.26,UPAPP,,25,הוצאה,כושר,FALSE,MAX 7495
3.6.2026,יולי.26,יהונתן ולץ,,100,הוצאה,"מספרה, טיפוח ויופי",FALSE,MAX 7495
4.6.2026,יולי.26,WOLT,,106.83,הוצאה,"מזון, סופר ומכולת",FALSE,MAX 4398
4.6.2026,יולי.26,המאפה של אודטה,,7.5,הוצאה,"מזון, סופר ומכולת",FALSE,MAX 7495
4.6.2026,יולי.26,"מינימרקט קייזר בע""מ",,112.7,הוצאה,"מזון, סופר ומכולת",FALSE,MAX 4398
5.6.2026,יולי.26,ALLJOBS אול יו ניד -,,59,הוצאה,יעוץ אנשי מקצוע - משפחה,FALSE,MAX 7495
5.6.2026,יולי.26,סונול שילת,,150.74,הוצאה,דלק וטעינה,FALSE,MAX 7495
5.6.2026,יולי.26,קפה 443,,31,הוצאה,אוכלים בחוץ - עמית,FALSE,MAX 4398
7.6.2026,יולי.26,פז אפליקצית-YELLOW,,187.54,הוצאה,דלק וטעינה,FALSE,MAX 7495
8.6.2026,יולי.26,"דלתא ייעוץ והדרכות בע""מ",,425,הוצאה,כושר,FALSE,MAX 4398
10.6.2026,יולי.26,"סה""ר",,7.13,הוצאה,אוכלים בחוץ - עמית,FALSE,MAX 4398
10.6.2026,יולי.26,תחום אזרחים ותיקים וקהילות נזקקות,,1.89,הוצאה,תרומות,FALSE,MAX 4398
10.6.2026,יולי.26,עיגול לתחום אנשים עם מוגבלויות,,1.88,הוצאה,תרומות,FALSE,MAX 4398
2.6.2026,יולי.26,netflix,, 33 ,הוצאה,"תקשורת, טלויזיה ואינטרנט",FALSE,MAX 4398
28.5.2026,יולי.26,apple.com,, 12 ,הוצאה,,FALSE,MAX 4398
28.5.2026,יולי.26,google one mountain view usa,, 75 ,הוצאה,,FALSE,MAX 4398
27.5.2026,יולי.26,esimo limaassol cyp,, 24 ,הוצאה,,FALSE,MAX 4398
23.5.2026,יולי.26,spotify,, 44 ,הוצאה,מוזיקה וספרים,FALSE,MAX 7495
19.5.2026,יולי.26,scalehr u.s. Rochmond hill can ,, 53 ,הוצאה,,FALSE,MAX 4398
14.5.2026,יולי.26,microsoft*microsoft 36 msbill.onfo irl,, 43 ,הוצאה,,FALSE,MAX 4398
12.5.2026,יולי.26,lovable,, 163 ,הוצאה,בינה מלאכותית,FALSE,MAX 4398
9.5.2026,יולי.26,16personalities.com,, 29 ,הוצאה,,FALSE,MAX 4398
2.6.2026,יולי.26,עמותת משאלת לב,,₪ 36.00,הוצאה,תרומות,FALSE,CAL 4015
28.5.2026,יולי.26,הפניקס חיים ובריאות,,₪ 200.00,הוצאה,,TRUE,CAL 4015
26.5.2026,יולי.26,"עלם העמותה למען נוער במצב סיכון(ע""ר)",,₪ 36.00,הוצאה,תרומות,FALSE,CAL 4015
26.5.2026,יולי.26,הראל-ביטוח בריאות,,₪ 76.00,הוצאה,ביטוח בריוות,TRUE,CAL 4015
2.5.2026,יולי.26,"נבט , סנדוויץ' לכל ילד",,₪ 36.00,הוצאה,תרומות,FALSE,CAL 4015
25.4.2026,יולי.26,Amazon.ae,,₪ 334.75,הוצאה,ללא סיווג,FALSE,CAL 4015
8.6.2026,יולי.26,"מינימרקט קייזר בע""מ",,₪ 156.00,הוצאה,"מזון, סופר ומכולת",FALSE,CAL 8973
7.6.2026,יולי.26,קפה 443,,₪ 33.00,הוצאה,אוכלים בחוץ,FALSE,CAL 8973
4.6.2026,יולי.26,"מינימרקט קייזר בע""מ",,₪ 138.00,הוצאה,"מזון, סופר ומכולת",FALSE,CAL 8973
2.6.2026,יולי.26,"מ.ע רישוי רכב מודיעין בע""מ",,₪ 131.35,הוצאה,רישוי רכב,FALSE,CAL 8973
1.6.2026,יולי.26,לב השדה,,₪ 44.02,הוצאה,"מזון, סופר ומכולת",FALSE,CAL 8973
1.6.2026,יולי.26,קואופ מודיעין קייזר,,₪ 93.30,הוצאה,"מזון, סופר ומכולת",FALSE,CAL 8973
1.6.2026,יולי.26,המאפה של אודטה,,₪ 10.00,הוצאה,"מזון, סופר ומכולת",FALSE,CAL 8973
28.5.2026,יולי.26,איילון ביטוח חיים ובריאות,,₪ 153.85,הוצאה,ביטוח בריאות,TRUE,CAL 8973
24.5.2026,יולי.26,איטל אופטויק מודיעין,,₪ 180.00,הוצאה,,FALSE,CAL 8973
24.5.2026,יולי.26,איטל אופטויק מודיעין,,₪ 40.00,הוצאה,,FALSE,CAL 8973
24.5.2026,יולי.26,ס.א.ל קרמיקה-ברבי מאיר,,₪ 100.00,הוצאה,,FALSE,CAL 8973
24.5.2026,יולי.26,קואופ מודיעין קייזר,,₪ 76.50,הוצאה,"מזון, סופר ומכולת",FALSE,CAL 8973
22.5.2026,יולי.26,קשת טעמים כפר סבא,,₪ 207.55,הוצאה,"מזון, סופר ומכולת",FALSE,CAL 8973
21.5.2026,יולי.26,פיצוחי מורנו,,₪ 23.10,הוצאה,"מזון, סופר ומכולת",FALSE,CAL 8973
21.5.2026,יולי.26,קואופ מודיעין קייזר,,₪ 33.80,הוצאה,"מזון, סופר ומכולת",FALSE,CAL 8973
21.5.2026,יולי.26,"מינימרקט קייזר בע""מ",,₪ 53.60,הוצאה,"מזון, סופר ומכולת",FALSE,CAL 8973
21.5.2026,יולי.26,בל פתאל מרקטינג שותפות מו,,₪ 201.42,הוצאה,"מזון, סופר ומכולת",FALSE,CAL 8973
21.5.2026,יולי.26,סופר שוק יוחננוף,,₪ 357.68,הוצאה,"מזון, סופר ומכולת",FALSE,CAL 8973
21.5.2026,יולי.26,תבליני נעמה,,₪ 98.30,הוצאה,"מזון, סופר ומכולת",FALSE,CAL 8973
20.5.2026,יולי.26,פיצוחי מורנו,,₪ 47.60,הוצאה,"מזון, סופר ומכולת",FALSE,CAL 8973
20.5.2026,יולי.26,לב השדה,,₪ 150.26,הוצאה,"מזון, סופר ומכולת",FALSE,CAL 8973
20.5.2026,יולי.26,קואופ מודיעין קייזר,,₪ 569.46,הוצאה,"מזון, סופר ומכולת",FALSE,CAL 8973
17.5.2026,יולי.26,סופר פארם קניון מודיעין 153,,₪ 125.70,הוצאה,חנויות פארם ובתי מרקחת,FALSE,CAL 8973
15.5.2026,יולי.26,סופר שוק יוחננוף,,₪ 89.72,הוצאה,"מזון, סופר ומכולת",FALSE,CAL 8973
15.5.2026,יולי.26,תבליני נעמה,,₪ 95.76,הוצאה,"מזון, סופר ומכולת",FALSE,CAL 8973
13.5.2026,יולי.26,לב השדה,,₪ 69.89,הוצאה,"מזון, סופר ומכולת",FALSE,CAL 8973
13.5.2026,יולי.26,הום סנטר - מודיעין מרכז-גמא,,₪ 269.40,הוצאה,,FALSE,CAL 8973
12.5.2026,יולי.26,לב השדה,,₪ 152.11,הוצאה,"מזון, סופר ומכולת",FALSE,CAL 8973
12.5.2026,יולי.26,קואופ מודיעין קייזר,,₪ 203.95,הוצאה,"מזון, סופר ומכולת",FALSE,CAL 8973
12.5.2026,יולי.26,פיצוחי מורנו,,₪ 39.90,הוצאה,"מזון, סופר ומכולת",FALSE,CAL 8973
12.5.2026,יולי.26,פיצוחי מורנו,,₪ 33.80,הוצאה,"מזון, סופר ומכולת",FALSE,CAL 8973
12.5.2026,יולי.26,גולדה גלידרייה,,₪ 32.00,הוצאה,אוכלים בחוץ,FALSE,CAL 8973
12.5.2026,יולי.26,בי דראגסטורס מודיעין,,₪ 11.10,הוצאה,חנויות פארם ובתי מרקחת,FALSE,CAL 8973
12.5.2026,יולי.26,מיקס מרקט לוקס גני אביב,,₪ 92.16,הוצאה,"מזון, סופר ומכולת",FALSE,CAL 8973
9.5.2026,יולי.26,הייטקזון -הסעדה,,₪ 80.00,הוצאה,,FALSE,CAL 8973
9.5.2026,יולי.26,אלמה מרקט מודיעין,,₪ 108.76,הוצאה,"מזון, סופר ומכולת",FALSE,CAL 8973
8.5.2026,יולי.26,אלון חוצה ישראל מגל מזרח,,₪ 258.93,הוצאה,דלק וטעינה,FALSE,CAL 8973
5.6.2026,יולי.26,‫מכבי,,₪ 379.64,הוצאה,"שירותי בריאות, יעוץ וטיפול",FALSE,Bank Yahav
1.6.2026,יולי.26,‫דיסקונט/‫מנדלצויג עמי/‫העברה,,₪ 450.00,זיכוי,,FALSE,Bank Yahav
20.5.2026,יולי.26,‫קצבת ילדים,,₪ 115.00,הכנסה,קצבת ילדים,FALSE,Bank Yahav
17.5.2026,יולי.26,‫לאומי/‫חן ליידרמן/‫תשלום,,"₪ 10,000.00",הכנסה,הכנסה אחרת,FALSE,Bank Yahav
17.5.2026,יולי.26,‫ע.מודיעין מכבים,,₪ 493.60,הוצאה,ארנונה,FALSE,Bank Yahav
15.5.2026,יולי.26,‫הפועלים/‫מנדלצויג א/‫מזונות,,"₪ 3,381.00",הכנסה,מזונות,FALSE,Bank Yahav
15.5.2026,יולי.26,‫פועלים-משכנתא,,"₪ 5,861.43",הוצאה,משכנתא,FALSE,Bank Yahav
15.5.2026,יולי.26,‫חברת החשמל לישר,,₪ 163.41,הוצאה,חשמל,FALSE,Bank Yahav
10.6.2026,יולי.26,יהונתן ולץ,, 100 ,הוצאה,,FALSE,BIT
9.6.2026,יולי.26,אייל,, 86 ,זיכוי,,FALSE,BIT
5.6.2026,יולי.26,אייל,, 80 ,זיכוי,,FALSE,BIT
21.5.2026,יולי.26,הלה לוי ביו,, 160 ,הוצאה,,FALSE,BIT
18.5.2026,יולי.26,עמית,, 250 ,זיכוי,,FALSE,BIT
18.5.2026,יולי.26,עמית,, 90 ,זיכוי,,FALSE,BIT